fractile,total_return,active_return,tracking_error,info_ratio,t_stat,monthly_success,volatility,sharpe,capm_beta,capm_alpha,turnover,group,factor
Q1,0.1297,-0.0,0.0571,0.0916,0.3694,0.4974,0.1883,0.7463,1.1387,-0.0135,0.1914,value,Earnings yield
Q2,0.1279,-0.0017,0.0312,-0.0569,-0.2295,0.5077,0.158,0.8449,0.9768,0.0014,0.297,value,Earnings yield
Q3,0.1411,0.0114,0.0352,0.223,0.8991,0.559,0.1449,0.9876,0.8932,0.0223,0.3092,value,Earnings yield
Q4,0.1228,-0.0069,0.0443,-0.1892,-0.7626,0.441,0.1456,0.8712,0.8831,0.0074,0.2667,value,Earnings yield
Q5,0.1211,-0.0086,0.0549,-0.0567,-0.2284,0.4615,0.1868,0.7073,1.133,-0.0211,0.1911,value,Earnings yield
Q1-Q5,0.0046,0.0046,0.0861,0.0968,0.3902,0.4923,0.0861,0.0968,,,,value,Earnings yield
Market,0.1297,0.0,0.1595,0.8483,3.4195,0.6615,0.1595,0.8483,,,,value,Earnings yield
Q1,0.135,0.0053,0.0562,0.1715,0.6912,0.5282,0.1869,0.7754,1.1304,-0.008,0.2284,value,FCF yield
Q2,0.1366,0.0069,0.0291,0.1923,0.7754,0.559,0.156,0.9029,0.967,0.0101,0.3236,value,FCF yield
Q3,0.1377,0.008,0.0359,0.1435,0.5783,0.5385,0.1469,0.9557,0.9038,0.0182,0.3305,value,FCF yield
Q4,0.1239,-0.0058,0.0429,-0.1458,-0.5875,0.4769,0.1529,0.8437,0.9283,0.0034,0.3053,value,FCF yield
Q5,0.1102,-0.0195,0.0425,-0.3364,-1.3562,0.4718,0.1783,0.6783,1.0954,-0.0272,0.2272,value,FCF yield
Q1-Q5,0.022,0.022,0.0656,0.365,1.4713,0.5641,0.0656,0.365,,,,value,FCF yield
Market,0.1297,0.0,0.1595,0.8483,3.4195,0.6615,0.1595,0.8483,,,,value,FCF yield
Q1,0.1262,-0.0036,0.0828,0.0769,0.3099,0.4667,0.2101,0.6746,1.2395,-0.026,0.0622,value,Book-to-market
Q2,0.1126,-0.0172,0.032,-0.4931,-1.9877,0.4205,0.1566,0.7636,0.9673,-0.0113,0.119,value,Book-to-market
Q3,0.1217,-0.0081,0.0268,-0.2889,-1.1644,0.4564,0.1566,0.8149,0.9731,-0.0041,0.1255,value,Book-to-market
Q4,0.1256,-0.0042,0.0434,-0.1062,-0.4281,0.5026,0.1548,0.8447,0.9389,0.0037,0.1007,value,Book-to-market
Q5,0.1553,0.0255,0.0516,0.4129,1.6646,0.559,0.152,1.031,0.9064,0.034,0.0417,value,Book-to-market
Q1-Q5,-0.0229,-0.0229,0.1278,-0.117,-0.4718,0.4615,0.1278,-0.117,,,,value,Book-to-market
Market,0.1298,0.0,0.1594,0.8489,3.422,0.6615,0.1594,0.8489,,,,value,Book-to-market
Q1,0.1375,0.0075,0.058,0.2299,0.9268,0.5128,0.1961,0.7587,1.1962,-0.0132,0.0579,value,Sales yield
Q2,0.124,-0.0059,0.0368,-0.0758,-0.3054,0.5026,0.1737,0.7639,1.0721,-0.0125,0.1263,value,Sales yield
Q3,0.1305,0.0005,0.0275,0.007,0.0282,0.5128,0.1571,0.8638,0.975,0.0036,0.1519,value,Sales yield
Q4,0.1214,-0.0085,0.0381,-0.2597,-1.0469,0.4769,0.1447,0.8676,0.8879,0.0053,0.1291,value,Sales yield
Q5,0.1297,-0.0002,0.0642,-0.0155,-0.0624,0.5026,0.1547,0.8693,0.8942,0.0133,0.0557,value,Sales yield
Q1-Q5,0.0077,0.0077,0.1153,0.1242,0.5005,0.5231,0.1153,0.1242,,,,value,Sales yield
Market,0.1299,0.0,0.1595,0.8495,3.4243,0.6615,0.1595,0.8495,,,,value,Sales yield
Q1,0.1229,-0.0069,0.0637,0.0053,0.0212,0.5077,0.1943,0.6982,1.1683,-0.0224,0.1631,value,EBITDA/EV
Q2,0.1256,-0.0041,0.0324,-0.1243,-0.5011,0.4821,0.157,0.8364,0.9688,0.0002,0.2753,value,EBITDA/EV
Q3,0.1411,0.0114,0.0284,0.2929,1.1807,0.5846,0.1476,0.9729,0.9173,0.0195,0.2962,value,EBITDA/EV
Q4,0.1282,-0.0016,0.0382,-0.073,-0.2941,0.4667,0.1512,0.8768,0.9254,0.0073,0.2609,value,EBITDA/EV
Q5,0.125,-0.0047,0.0543,-0.0358,-0.1442,0.5128,0.1743,0.7651,1.045,-0.008,0.1664,value,EBITDA/EV
Q1-Q5,-0.003,-0.003,0.1027,0.0222,0.0894,0.4923,0.1027,0.0222,,,,value,EBITDA/EV
Market,0.1298,0.0,0.1595,0.8485,3.4206,0.6667,0.1595,0.8485,,,,value,EBITDA/EV
Q1,0.1495,0.0198,0.0365,0.4702,1.8953,0.5846,0.1573,0.9691,0.9652,0.0218,0.1172,quality,Return on equity
Q2,0.1267,-0.0029,0.0331,-0.0953,-0.384,0.4923,0.1568,0.8427,0.9666,0.0014,0.1886,quality,Return on equity
Q3,0.1249,-0.0048,0.0266,-0.1959,-0.7897,0.4308,0.1538,0.8458,0.9558,0.0008,0.2213,quality,Return on equity
Q4,0.1274,-0.0023,0.0318,-0.0584,-0.2355,0.4821,0.1599,0.8341,0.9883,-0.0003,0.2052,quality,Return on equity
Q5,0.1164,-0.0133,0.0506,-0.1396,-0.5626,0.4615,0.1878,0.6827,1.1492,-0.0272,0.1579,quality,Return on equity
Q1-Q5,0.0214,0.0214,0.0775,0.3121,1.2583,0.5949,0.0775,0.3121,,,,quality,Return on equity
Market,0.1297,0.0,0.1595,0.8483,3.4195,0.6615,0.1595,0.8483,,,,quality,Return on equity
Q1,0.145,0.0153,0.0467,0.2746,1.1071,0.5538,0.155,0.9553,0.9345,0.0217,0.1002,quality,ROIC
Q2,0.1372,0.0075,0.0313,0.1876,0.7564,0.5333,0.1543,0.9146,0.9539,0.0121,0.1843,quality,ROIC
Q3,0.1286,-0.0011,0.0268,-0.0149,-0.0602,0.5128,0.1632,0.8263,1.015,-0.0024,0.2051,quality,ROIC
Q4,0.114,-0.0156,0.0322,-0.4515,-1.82,0.4974,0.1555,0.7763,0.9602,-0.0091,0.1957,quality,ROIC
Q5,0.1191,-0.0106,0.0594,-0.0644,-0.2596,0.4718,0.192,0.6846,1.1615,-0.0257,0.1509,quality,ROIC
Q1-Q5,0.0119,0.0119,0.0979,0.1702,0.686,0.5641,0.0979,0.1702,,,,quality,ROIC
Market,0.1297,0.0,0.1595,0.8483,3.4195,0.6615,0.1595,0.8483,,,,quality,ROIC
Q1,0.1418,0.0121,0.0521,0.1938,0.781,0.5128,0.1558,0.9328,0.9288,0.0197,0.1153,quality,Return on assets
Q2,0.1363,0.0067,0.0324,0.1597,0.6436,0.5436,0.1548,0.907,0.9557,0.0112,0.1956,quality,Return on assets
Q3,0.1255,-0.0042,0.0247,-0.167,-0.6731,0.5282,0.1571,0.8346,0.9785,-0.0012,0.2187,quality,Return on assets
Q4,0.1201,-0.0096,0.0375,-0.2668,-1.0753,0.4769,0.15,0.8353,0.9195,0.0009,0.2017,quality,Return on assets
Q5,0.1186,-0.0111,0.0728,-0.0171,-0.0691,0.4821,0.2067,0.6484,1.2422,-0.034,0.1463,quality,Return on assets
Q1-Q5,0.0047,0.0047,0.1152,0.0985,0.3971,0.5333,0.1152,0.0985,,,,quality,Return on assets
Market,0.1297,0.0,0.1595,0.8483,3.4195,0.6615,0.1595,0.8483,,,,quality,Return on assets
Q1,0.1279,-0.0018,0.045,-0.0261,-0.1054,0.5487,0.1624,0.8256,0.9839,0.001,0.0336,quality,Gross margin
Q2,0.1182,-0.0115,0.0392,-0.3022,-1.2183,0.4718,0.1493,0.8267,0.9126,-0.0,0.0624,quality,Gross margin
Q3,0.131,0.0013,0.0285,0.0076,0.0306,0.5333,0.1534,0.883,0.9519,0.0067,0.0854,quality,Gross margin
Q4,0.1281,-0.0016,0.0286,0.0015,0.0061,0.4308,0.1681,0.805,1.0448,-0.006,0.0913,quality,Gross margin
Q5,0.1387,0.009,0.0529,0.2385,0.9616,0.5179,0.1861,0.7945,1.1321,-0.0053,0.0529,quality,Gross margin
Q1-Q5,-0.0169,-0.0169,0.0799,-0.1726,-0.6957,0.5333,0.0799,-0.1726,,,,quality,Gross margin
Market,0.1297,0.0,0.1595,0.8483,3.4195,0.6615,0.1595,0.8483,,,,quality,Gross margin
Q1,0.1361,0.0065,0.0335,0.1336,0.5384,0.4564,0.1515,0.9226,0.9339,0.0134,0.0825,quality,Operating margin
Q2,0.1252,-0.0045,0.0353,-0.1782,-0.7184,0.4821,0.1445,0.8926,0.8907,0.0085,0.1644,quality,Operating margin
Q3,0.1302,0.0005,0.0305,-0.0132,-0.0531,0.4564,0.1542,0.8749,0.9539,0.0058,0.1918,quality,Operating margin
Q4,0.1215,-0.0082,0.0286,-0.1999,-0.8058,0.4821,0.1689,0.767,1.0503,-0.0125,0.1833,quality,Operating margin
Q5,0.1311,0.0014,0.0578,0.1327,0.5351,0.4923,0.196,0.7292,1.1961,-0.0188,0.1212,quality,Operating margin
Q1-Q5,-0.0065,-0.0065,0.0809,-0.0397,-0.1598,0.5231,0.0809,-0.0397,,,,quality,Operating margin
Market,0.1297,0.0,0.1595,0.8483,3.4195,0.6615,0.1595,0.8483,,,,quality,Operating margin
Q1,0.1301,0.0004,0.036,-0.0128,-0.0516,0.4667,0.1547,0.8714,0.95,0.0063,0.1131,quality,Net margin
Q2,0.1405,0.0108,0.0312,0.263,1.0601,0.559,0.1507,0.9521,0.9322,0.0174,0.1875,quality,Net margin
Q3,0.122,-0.0076,0.0302,-0.2681,-1.0806,0.5077,0.1513,0.8405,0.9372,0.0004,0.2112,quality,Net margin
Q4,0.1209,-0.0087,0.0278,-0.2613,-1.0531,0.4615,0.1627,0.7869,1.0104,-0.0087,0.2061,quality,Net margin
Q5,0.1307,0.001,0.0587,0.1254,0.5056,0.5128,0.1962,0.727,1.1952,-0.019,0.1552,quality,Net margin
Q1-Q5,-0.0112,-0.0112,0.0826,-0.0948,-0.3822,0.5026,0.0826,-0.0948,,,,quality,Net margin
Market,0.1297,0.0,0.1595,0.8483,3.4195,0.6615,0.1595,0.8483,,,,quality,Net margin
Q1,0.1367,0.007,0.0406,0.1359,0.5477,0.559,0.1552,0.9068,0.9464,0.0128,0.0841,quality,Interest coverage
Q2,0.1361,0.0064,0.0292,0.1646,0.6634,0.5282,0.1538,0.9105,0.9535,0.0111,0.1539,quality,Interest coverage
Q3,0.1299,0.0002,0.0257,-0.0268,-0.1082,0.5231,0.1539,0.8745,0.9577,0.005,0.176,quality,Interest coverage
Q4,0.1166,-0.0131,0.0338,-0.3344,-1.3481,0.4974,0.1613,0.7685,0.9944,-0.0105,0.1578,quality,Interest coverage
Q5,0.1251,-0.0046,0.0539,0.0279,0.1125,0.4923,0.1919,0.7128,1.1729,-0.0219,0.1199,quality,Interest coverage
Q1-Q5,0.0006,0.0006,0.0825,0.0486,0.1958,0.5231,0.0825,0.0486,,,,quality,Interest coverage
Market,0.1297,0.0,0.1595,0.8483,3.4195,0.6615,0.1595,0.8483,,,,quality,Interest coverage
Q1,0.1424,0.0127,0.0356,0.3181,1.2822,0.5282,0.1599,0.9168,0.9828,0.0136,0.0353,quality,Low leverage
Q2,0.1243,-0.0054,0.0289,-0.1189,-0.4791,0.4821,0.168,0.7848,1.0439,-0.0094,0.0624,quality,Low leverage
Q3,0.1282,-0.0015,0.024,-0.0305,-0.1231,0.4923,0.163,0.8255,1.0162,-0.0029,0.078,quality,Low leverage
Q4,0.1181,-0.0116,0.0281,-0.3918,-1.5796,0.4615,0.1553,0.8003,0.9634,-0.0061,0.0666,quality,Low leverage
Q5,0.1331,0.0034,0.0291,0.1296,0.5225,0.5077,0.1643,0.8462,1.0194,0.0011,0.0351,quality,Low leverage
Q1-Q5,0.006,0.006,0.0553,0.1362,0.5491,0.4974,0.0553,0.1362,,,,quality,Low leverage
Market,0.1297,0.0,0.1595,0.8483,3.4195,0.6615,0.1595,0.8483,,,,quality,Low leverage
Q1,0.1454,0.0161,0.0708,0.2011,0.8108,0.5333,0.1598,0.9334,0.9087,0.0266,0.2455,momentum,12-1m momentum
Q2,0.1281,-0.0012,0.0442,-0.0737,-0.2969,0.5179,0.1451,0.9073,0.8807,0.0128,0.4915,momentum,12-1m momentum
Q3,0.1376,0.0082,0.0328,0.1655,0.667,0.5333,0.1471,0.9543,0.9093,0.0177,0.5333,momentum,12-1m momentum
Q4,0.1281,-0.0012,0.0358,0.006,0.0244,0.5179,0.1663,0.8126,1.0244,-0.0031,0.4728,momentum,12-1m momentum
Q5,0.0981,-0.0312,0.0935,-0.1766,-0.7119,0.4462,0.2216,0.5342,1.3014,-0.0572,0.2245,momentum,12-1m momentum
Q1-Q5,0.0191,0.0191,0.1535,0.2004,0.8079,0.5436,0.1535,0.2004,,,,momentum,12-1m momentum
Market,0.1293,0.0,0.1594,0.8466,3.4127,0.6615,0.1594,0.8466,,,,momentum,12-1m momentum
Q1,0.1382,0.0086,0.0668,0.1205,0.4856,0.5333,0.1618,0.885,0.9322,0.0172,0.3577,momentum,6-1m momentum
Q2,0.1318,0.0022,0.0406,0.0204,0.0821,0.4513,0.1518,0.8955,0.9261,0.0108,0.6109,momentum,6-1m momentum
Q3,0.1238,-0.0057,0.0307,-0.1823,-0.7348,0.4359,0.156,0.8303,0.9655,-0.0009,0.6493,momentum,6-1m momentum
Q4,0.1349,0.0053,0.0385,0.1365,0.5501,0.5077,0.1632,0.86,1.0005,0.0052,0.6019,momentum,6-1m momentum
Q5,0.1116,-0.018,0.0765,-0.1121,-0.4517,0.4564,0.2028,0.6241,1.2006,-0.0357,0.3385,momentum,6-1m momentum
Q1-Q5,0.0077,0.0077,0.1344,0.1237,0.4986,0.5385,0.1344,0.1237,,,,momentum,6-1m momentum
Market,0.1296,0.0,0.1594,0.8479,3.418,0.6667,0.1594,0.8479,,,,momentum,6-1m momentum
Q1,0.1377,0.008,0.0671,0.1129,0.4552,0.5538,0.1631,0.8759,0.94,0.0157,0.5675,momentum,3-1m momentum
Q2,0.1331,0.0033,0.038,0.0403,0.1624,0.4769,0.1499,0.9131,0.9183,0.0126,0.7288,momentum,3-1m momentum
Q3,0.125,-0.0047,0.0265,-0.1897,-0.7646,0.4872,0.154,0.8462,0.9576,0.0007,0.7547,momentum,3-1m momentum
Q4,0.1309,0.0012,0.0406,0.0555,0.2237,0.4923,0.1664,0.8264,1.0181,-0.0002,0.7347,momentum,3-1m momentum
Q5,0.115,-0.0148,0.0706,-0.0893,-0.3602,0.4821,0.1994,0.647,1.1904,-0.0321,0.5455,momentum,3-1m momentum
Q1-Q5,0.0058,0.0058,0.128,0.1085,0.4372,0.5282,0.128,0.1085,,,,momentum,3-1m momentum
Market,0.1297,0.0,0.1594,0.8489,3.4222,0.6667,0.1594,0.8489,,,,momentum,3-1m momentum
Q1,0.1438,0.0141,0.038,0.3484,1.4046,0.5231,0.1643,0.9041,1.0073,0.0123,0.3119,growth,Revenue growth
Q2,0.1412,0.0115,0.027,0.3849,1.5515,0.5487,0.1605,0.9077,0.9972,0.0108,0.3676,growth,Revenue growth
Q3,0.1221,-0.0076,0.0242,-0.3066,-1.2359,0.4974,0.1556,0.8218,0.9692,-0.0033,0.3776,growth,Revenue growth
Q4,0.1207,-0.009,0.0259,-0.3162,-1.2745,0.5026,0.1587,0.801,0.987,-0.0064,0.369,growth,Revenue growth
Q5,0.1177,-0.012,0.0432,-0.189,-0.762,0.4513,0.1741,0.7299,1.065,-0.017,0.3239,growth,Revenue growth
Q1-Q5,0.0191,0.0191,0.0703,0.3046,1.2278,0.5487,0.0703,0.3046,,,,growth,Revenue growth
Market,0.1297,0.0,0.1595,0.8483,3.4195,0.6615,0.1595,0.8483,,,,growth,Revenue growth
Q1,0.1317,0.0021,0.0346,0.0806,0.325,0.5282,0.1657,0.833,1.0218,-0.0002,0.3095,growth,EPS growth
Q2,0.1402,0.0105,0.029,0.2944,1.1868,0.5179,0.1545,0.9306,0.9579,0.0142,0.332,growth,EPS growth
Q3,0.1261,-0.0036,0.0263,-0.1317,-0.531,0.5077,0.1579,0.8345,0.982,-0.001,0.2938,growth,EPS growth
Q4,0.1375,0.0078,0.0274,0.2404,0.9692,0.5692,0.1569,0.9041,0.9743,0.0101,0.3354,growth,EPS growth
Q5,0.1102,-0.0195,0.0409,-0.3526,-1.4215,0.4359,0.1771,0.6823,1.0896,-0.0265,0.3123,growth,EPS growth
Q1-Q5,0.0156,0.0156,0.0589,0.292,1.177,0.5333,0.0589,0.292,,,,growth,EPS growth
Market,0.1297,0.0,0.1595,0.8483,3.4195,0.6615,0.1595,0.8483,,,,growth,EPS growth
Q1,0.1287,-0.001,0.0335,-0.0007,-0.0028,0.5026,0.165,0.8194,1.0188,-0.0026,0.3102,growth,Net-income growth
Q2,0.1418,0.0121,0.0285,0.3532,1.424,0.559,0.1556,0.9339,0.9653,0.0148,0.3328,growth,Net-income growth
Q3,0.1281,-0.0016,0.026,-0.0707,-0.285,0.5385,0.1568,0.8507,0.9755,0.0015,0.295,growth,Net-income growth
Q4,0.1347,0.005,0.0262,0.1516,0.611,0.5179,0.1566,0.8891,0.9737,0.0075,0.3349,growth,Net-income growth
Q5,0.1125,-0.0171,0.0414,-0.2943,-1.1865,0.4359,0.1776,0.6931,1.0922,-0.0246,0.3117,growth,Net-income growth
Q1-Q5,0.0105,0.0105,0.0584,0.2081,0.839,0.5333,0.0584,0.2081,,,,growth,Net-income growth
Market,0.1297,0.0,0.1595,0.8483,3.4195,0.6615,0.1595,0.8483,,,,growth,Net-income growth
Q1,0.1391,0.0095,0.0381,0.2628,1.0594,0.5077,0.17,0.8548,1.0448,0.004,0.3097,growth,EBITDA growth
Q2,0.1327,0.003,0.0263,0.0934,0.3766,0.5538,0.1579,0.8724,0.9815,0.005,0.3334,growth,EBITDA growth
Q3,0.1309,0.0012,0.027,0.0086,0.0348,0.5538,0.1544,0.8776,0.9594,0.0057,0.307,growth,EBITDA growth
Q4,0.1212,-0.0085,0.026,-0.3001,-1.2096,0.4718,0.1581,0.8064,0.9831,-0.0055,0.3378,growth,EBITDA growth
Q5,0.1219,-0.0078,0.0359,-0.1399,-0.5641,0.4821,0.1712,0.7608,1.0565,-0.0127,0.3173,growth,EBITDA growth
Q1-Q5,0.0134,0.0134,0.0585,0.2572,1.0369,0.5333,0.0585,0.2572,,,,growth,EBITDA growth
Market,0.1297,0.0,0.1595,0.8483,3.4195,0.6615,0.1595,0.8483,,,,growth,EBITDA growth
Q1,0.1186,-0.011,0.0811,-0.1913,-0.7711,0.4769,0.1186,1.0088,0.6508,0.0317,0.1473,risk,Low volatility
Q2,0.1285,-0.0011,0.0429,-0.0932,-0.3758,0.5077,0.1393,0.9418,0.85,0.0163,0.2924,risk,Low volatility
Q3,0.1276,-0.002,0.0263,-0.0839,-0.3381,0.5282,0.157,0.8467,0.9768,0.0009,0.3028,risk,Low volatility
Q4,0.1287,-0.0009,0.042,0.0852,0.3435,0.5128,0.1853,0.7489,1.1467,-0.0162,0.2524,risk,Low volatility
Q5,0.133,0.0034,0.0972,0.1829,0.7375,0.5077,0.2341,0.6532,1.4004,-0.0363,0.1186,risk,Low volatility
Q1-Q5,-0.0475,-0.0475,0.1738,-0.1915,-0.772,0.4923,0.1738,-0.1915,,,,risk,Low volatility
Market,0.1296,0.0,0.1594,0.8481,3.4186,0.6667,0.1594,0.8481,,,,risk,Low volatility
Q1,0.1314,0.0049,0.0327,0.157,0.5944,0.5465,0.1577,0.8654,1.0166,0.003,0.3491,sentiment,Rating revision 3m
Q2,0.1362,0.0097,0.0286,0.3206,1.2139,0.4942,0.156,0.9012,1.0099,0.0079,0.442,sentiment,Rating revision 3m
Q3,0.127,0.0006,0.0246,0.0125,0.0472,0.4795,0.1527,0.8635,0.9901,0.0016,0.3804,sentiment,Rating revision 3m
Q4,0.1116,-0.0149,0.0329,-0.4045,-1.5316,0.5,0.1535,0.7689,0.9881,-0.0117,0.4329,sentiment,Rating revision 3m
Q5,0.1291,0.0026,0.0494,0.0809,0.3064,0.5116,0.1634,0.8286,1.0261,0.0006,0.3462,sentiment,Rating revision 3m
Q1-Q5,-0.0016,-0.0016,0.074,0.0154,0.0583,0.5465,0.074,0.0154,,,,sentiment,Rating revision 3m
Market,0.1265,0.0,0.1527,0.8604,3.2572,0.6802,0.1527,0.8604,,,,sentiment,Rating revision 3m
Q1,0.1431,0.0167,0.0314,0.4753,1.7996,0.5872,0.1536,0.9526,0.9905,0.0162,0.2409,sentiment,Rating revision 6m
Q2,0.1367,0.0103,0.0312,0.3037,1.1498,0.5174,0.1549,0.9095,0.9993,0.0096,0.4179,sentiment,Rating revision 6m
Q3,0.1225,-0.004,0.0282,-0.1263,-0.4782,0.4737,0.1542,0.8302,0.9958,-0.003,0.3944,sentiment,Rating revision 6m
Q4,0.1092,-0.0173,0.0332,-0.4704,-1.781,0.4244,0.1527,0.7583,0.9818,-0.0132,0.4075,sentiment,Rating revision 6m
Q5,0.1236,-0.0029,0.0512,0.0004,0.0016,0.4942,0.1691,0.7769,1.0633,-0.0083,0.2371,sentiment,Rating revision 6m
Q1-Q5,0.0122,0.0122,0.0747,0.1996,0.7557,0.5872,0.0747,0.1996,,,,sentiment,Rating revision 6m
Market,0.1265,0.0,0.1527,0.8604,3.2572,0.6802,0.1527,0.8604,,,,sentiment,Rating revision 6m
Q1,0.1358,0.009,0.0358,0.2145,0.8119,0.5,0.151,0.9233,0.9653,0.0122,0.1735,sentiment,Rating breadth 12m
Q2,0.1283,0.0015,0.0304,0.0855,0.3236,0.4971,0.1569,0.8519,1.0091,0.0014,0.2955,sentiment,Rating breadth 12m
Q3,0.1168,-0.01,0.0376,-0.2188,-0.8284,0.4767,0.1576,0.784,1.006,-0.009,0.3737,sentiment,Rating breadth 12m
Q4,0.1191,-0.0078,0.0342,-0.1448,-0.5483,0.4854,0.1613,0.782,1.0335,-0.0093,0.3063,sentiment,Rating breadth 12m
Q5,0.1289,0.002,0.0399,0.0668,0.2527,0.4767,0.1595,0.8428,1.0152,0.0007,0.1858,sentiment,Rating breadth 12m
Q1-Q5,0.003,0.003,0.0636,0.0788,0.2982,0.4942,0.0636,0.0788,,,,sentiment,Rating breadth 12m
Market,0.1269,0.0,0.153,0.8611,3.2603,0.6802,0.153,0.8611,,,,sentiment,Rating breadth 12m
Q1,0.118,-0.0118,0.0704,-0.018,-0.0727,0.4974,0.209,0.6415,1.2682,-0.0376,0.062,size,Small size
Q2,0.1169,-0.0128,0.0253,-0.4151,-1.6734,0.4308,0.1658,0.7531,1.0332,-0.015,0.1125,size,Small size
Q3,0.1362,0.0064,0.0261,0.1979,0.7979,0.5538,0.1563,0.899,0.9721,0.0089,0.1047,size,Small size
Q4,0.1325,0.0027,0.0316,0.0112,0.045,0.5179,0.1461,0.9287,0.905,0.0132,0.0745,size,Small size
Q5,0.14,0.0102,0.0477,0.1296,0.5225,0.5077,0.1403,1.0089,0.8467,0.0269,0.0266,size,Small size
Q1-Q5,-0.0138,-0.0138,0.1123,-0.0664,-0.2676,0.4718,0.1123,-0.0664,,,,size,Small size
Market,0.1298,0.0,0.1594,0.8489,3.4222,0.6615,0.1594,0.8489,,,,size,Small size
Q1,0.1242,-0.0055,0.0734,0.0492,0.1985,0.4872,0.2061,0.6738,1.2364,-0.0284,0.782,reversal,Short-term reversal
Q2,0.141,0.0113,0.0355,0.3303,1.3316,0.5333,0.1699,0.8655,1.0481,0.0052,0.7985,reversal,Short-term reversal
Q3,0.1228,-0.0069,0.0272,-0.2155,-0.8688,0.5026,0.161,0.8039,1.0004,-0.0059,0.7891,reversal,Short-term reversal
Q4,0.1302,0.0005,0.0407,-0.0452,-0.1822,0.4974,0.1449,0.9208,0.8851,0.0137,0.7902,reversal,Short-term reversal
Q5,0.1232,-0.0065,0.063,-0.1217,-0.4907,0.4923,0.1477,0.8638,0.8556,0.0119,0.7985,reversal,Short-term reversal
Q1-Q5,0.003,0.003,0.1289,0.0875,0.3529,0.4718,0.1289,0.0875,,,,reversal,Short-term reversal
Market,0.1297,0.0,0.1594,0.8485,3.4206,0.6615,0.1594,0.8485,,,,reversal,Short-term reversal
