symbol,first_missing,last_missing,n_missing_months,n_member_months,company_name,sector,in_current_index,has_any_fmp_price,ever_left_index,likely_status
SOLS,2000-01-31,2025-09-30,309,311,Solstice Advanced Materials,Unknown,False,True,True,partial FMP coverage (left index: delisted/acquired/renamed)
STI,2000-01-31,2019-11-30,239,239,SunTrust Banks Inc,Unknown,False,True,True,FMP price exists but outside membership window (left index: delisted/acquired/renamed)
APC,2000-01-31,2019-07-31,235,235,Anadarko Petroleum Corp,Unknown,False,True,True,FMP price exists but outside membership window (left index: delisted/acquired/renamed)
CA,2000-01-31,2018-10-31,226,226,CA Inc,Unknown,False,True,True,FMP price exists but outside membership window (left index: delisted/acquired/renamed)
BCR,2000-01-31,2017-11-30,215,215,C. R. Bard Inc,Unknown,False,False,True,no FMP price at all (left index: delisted/acquired/renamed)
DOW,2000-01-31,2017-08-31,212,297,Dow Inc,Basic Materials,True,True,True,partial FMP coverage (still in index)
YHOO,2000-01-31,2017-05-31,209,209,Yahoo! Inc,Unknown,False,False,True,no FMP price at all (left index: delisted/acquired/renamed)
XL,2001-08-31,2018-08-31,205,205,XL Group Ltd,Unknown,False,True,True,FMP price exists but outside membership window (left index: delisted/acquired/renamed)
EMC,2000-01-31,2016-08-31,200,200,EMC Corp.,Unknown,False,True,True,FMP price exists but outside membership window (left index: delisted/acquired/renamed)
TYC,2000-01-31,2016-08-31,200,200,Tyco International,Unknown,False,False,True,no FMP price at all (left index: delisted/acquired/renamed)
GAS,2000-01-31,2016-05-31,197,197,AGL Resources Inc.,Unknown,False,False,True,no FMP price at all (left index: delisted/acquired/renamed)
ACE,2000-01-31,2015-12-31,192,192,Chubb Corp.,Unknown,False,True,True,FMP price exists but outside membership window (left index: delisted/acquired/renamed)
MON,2002-08-31,2018-05-31,190,190,Monsanto Co.,Unknown,False,True,True,FMP price exists but outside membership window (left index: delisted/acquired/renamed)
SIAL,2000-01-31,2015-10-31,190,190,,Unknown,False,False,True,no FMP price at all (left index: delisted/acquired/renamed)
ALTR,2000-04-30,2015-11-30,188,188,Altera Corp.,Unknown,False,True,True,FMP price exists but outside membership window (left index: delisted/acquired/renamed)
PLL,2000-01-31,2015-07-31,187,187,Pall Corp.,Unknown,False,True,True,FMP price exists but outside membership window (left index: delisted/acquired/renamed)
WRK,2000-01-31,2015-05-31,185,294,WestRock Co.,Unknown,False,True,True,partial FMP coverage (left index: delisted/acquired/renamed)
SWY,2000-01-31,2014-12-31,180,180,Safeway Inc.,Unknown,False,False,True,no FMP price at all (left index: delisted/acquired/renamed)
TE,2001-10-31,2016-05-31,176,176,TECO Energy Inc,Unknown,False,True,True,FMP price exists but outside membership window (left index: delisted/acquired/renamed)
RDC,2000-01-31,2014-07-31,175,175,Rowan Companies plc,Unknown,False,False,True,no FMP price at all (left index: delisted/acquired/renamed)
LLL,2004-11-30,2019-05-31,175,175,L3 Technologies Inc,Unknown,False,True,True,FMP price exists but outside membership window (left index: delisted/acquired/renamed)
BEAM,2000-01-31,2014-03-31,171,171,Beam Suntory Inc,Unknown,False,True,True,FMP price exists but outside membership window (left index: delisted/acquired/renamed)
FOXA,2004-12-31,2019-01-31,170,257,Fox Corporation (Class A),Communication Services,True,True,False,partial FMP coverage (still in index)
PCL,2002-01-31,2016-01-31,169,169,Plum Creek Timber Company,Unknown,False,False,True,no FMP price at all (left index: delisted/acquired/renamed)
MOLX,2000-01-31,2013-11-30,167,167,Molex Inc.,Unknown,False,False,True,no FMP price at all (left index: delisted/acquired/renamed)
FDO,2001-08-31,2015-06-30,167,167,Family Dollar Stores Inc,Unknown,False,False,True,no FMP price at all (left index: delisted/acquired/renamed)
DELL,2000-01-31,2013-09-30,165,185,Dell Technologies,Technology,True,True,True,partial FMP coverage (still in index)
BMC,2000-01-31,2013-08-31,164,164,BMC Software Inc,Unknown,False,False,True,no FMP price at all (left index: delisted/acquired/renamed)
FRX,2000-11-30,2014-05-31,163,163,Forest Laboratories Inc,Unknown,False,False,True,no FMP price at all (left index: delisted/acquired/renamed)
S,2000-01-31,2013-06-30,162,162,Sprint Corp,Unknown,False,True,True,FMP price exists but outside membership window (left index: delisted/acquired/renamed)
HNZ,2000-01-31,2013-05-31,161,161,H. J. Heinz Company,Unknown,False,False,True,no FMP price at all (left index: delisted/acquired/renamed)
RAI,2002-09-30,2015-08-31,156,178,Reynolds American Inc.,Unknown,False,True,True,partial FMP coverage (left index: delisted/acquired/renamed)
NBL,2007-10-31,2020-09-30,156,156,Noble Energy Inc,Unknown,False,True,True,FMP price exists but outside membership window (left index: delisted/acquired/renamed)
NE,2001-01-31,2015-06-30,152,152,Noble Corp plc,Unknown,False,True,True,FMP price exists but outside membership window (left index: delisted/acquired/renamed)
SUN,2000-01-31,2012-08-31,152,153,Sunoco Inc,Unknown,False,True,True,partial FMP coverage (left index: delisted/acquired/renamed)
GR,2000-01-31,2012-06-30,150,150,Goodrich Corp.,Unknown,False,False,True,no FMP price at all (left index: delisted/acquired/renamed)
PGN,2000-01-31,2012-05-31,149,149,Progress Energy Inc.,Unknown,False,False,True,no FMP price at all (left index: delisted/acquired/renamed)
HSH,2000-01-31,2012-05-31,149,149,Hillshire Brands Co,Unknown,False,False,True,no FMP price at all (left index: delisted/acquired/renamed)
CEG,2000-01-31,2012-02-29,146,197,Constellation Energy Corp,Utilities,True,True,True,partial FMP coverage (still in index)
NVLS,2000-06-30,2012-05-31,144,144,Novellus Systems Inc,Unknown,False,False,True,no FMP price at all (left index: delisted/acquired/renamed)
CHK,2006-03-31,2018-02-28,144,144,Chesapeake Energy Corp,Unknown,False,True,True,FMP price exists but outside membership window (left index: delisted/acquired/renamed)
TLAB,2000-01-31,2011-11-30,143,143,Tellabs Inc.,Unknown,False,False,True,no FMP price at all (left index: delisted/acquired/renamed)
WYND,2006-07-31,2018-04-30,142,142,Wyndham Destinations Inc,Unknown,False,True,True,FMP price exists but outside membership window (left index: delisted/acquired/renamed)
NSM,2000-01-31,2011-08-31,140,140,National Semiconductor,Unknown,False,True,True,FMP price exists but outside membership window (left index: delisted/acquired/renamed)
HSP,2004-04-30,2015-08-31,137,137,Hospira Inc.,Unknown,False,False,True,no FMP price at all (left index: delisted/acquired/renamed)
RSH,2000-01-31,2011-05-31,137,137,RadioShack Corp.,Unknown,False,False,True,no FMP price at all (left index: delisted/acquired/renamed)
NOVL,2000-01-31,2011-03-31,135,135,Novell Inc,Unknown,False,False,True,no FMP price at all (left index: delisted/acquired/renamed)
HAR,2006-01-31,2017-02-28,134,134,Harman Int'l Industries Inc,Unknown,False,False,True,no FMP price at all (left index: delisted/acquired/renamed)
KODK,2000-01-31,2010-11-30,131,131,Eastman Kodak Co.,Unknown,False,True,True,FMP price exists but outside membership window (left index: delisted/acquired/renamed)
PTV,2000-01-31,2010-10-31,130,130,Pactiv Corp,Unknown,False,False,True,no FMP price at all (left index: delisted/acquired/renamed)
CBE,2000-01-31,2012-10-31,128,128,Cooper Industries plc,Unknown,False,False,True,no FMP price at all (left index: delisted/acquired/renamed)
Q,2000-07-31,2011-02-28,128,134,Qnity Electronics Inc,Technology,True,True,True,partial FMP coverage (still in index)
MIL,2000-01-31,2010-06-30,126,126,Millipore Corp,Unknown,False,False,True,no FMP price at all (left index: delisted/acquired/renamed)
MWW,2001-06-30,2011-11-30,126,126,Monster Worldwide Inc.,Unknown,False,False,True,no FMP price at all (left index: delisted/acquired/renamed)
AYE,2000-12-31,2011-01-31,122,122,Allegheny Energy Inc.,Unknown,False,False,True,no FMP price at all (left index: delisted/acquired/renamed)
SE,2006-12-31,2017-01-31,122,122,Spectra Energy Corp.,Unknown,False,True,True,FMP price exists but outside membership window (left index: delisted/acquired/renamed)
BDK,2000-01-31,2010-02-28,122,122,Black & Decker Manufacturing,Unknown,False,False,True,no FMP price at all (left index: delisted/acquired/renamed)
KG,2000-10-31,2010-11-30,122,122,King Pharmaceuticals Inc.,Unknown,False,True,True,FMP price exists but outside membership window (left index: delisted/acquired/renamed)
SNDK,2006-04-30,2016-04-30,121,127,Sandisk Corporation,Technology,True,True,True,partial FMP coverage (still in index)
IMS,2000-01-31,2010-01-31,121,121,IMS Health Holdings Inc,Unknown,False,True,True,FMP price exists but outside membership window (left index: delisted/acquired/renamed)
RHT,2009-07-31,2019-06-30,120,120,Red Hat Inc.,Unknown,False,False,True,no FMP price at all (left index: delisted/acquired/renamed)
SCG,2008-12-31,2018-11-30,120,120,SCANA Corp.,Unknown,False,False,True,no FMP price at all (left index: delisted/acquired/renamed)
JAVA,2000-01-31,2009-12-31,120,120,Sun Microsystems,Unknown,False,True,True,FMP price exists but outside membership window (left index: delisted/acquired/renamed)
SGP,2000-01-31,2009-10-31,118,118,,Unknown,False,True,True,FMP price exists but outside membership window (left index: delisted/acquired/renamed)
WYE,2000-01-31,2009-09-30,117,117,Wyeth Corp.,Unknown,False,False,True,no FMP price at all (left index: delisted/acquired/renamed)
SNI,2008-06-30,2018-02-28,117,117,Scripps Networks Interactive Inc,Unknown,False,False,True,no FMP price at all (left index: delisted/acquired/renamed)
DPS,2008-10-31,2018-05-31,116,116,Dr Pepper Snapple Group Inc,Unknown,False,False,True,no FMP price at all (left index: delisted/acquired/renamed)
MI,2002-02-28,2011-06-30,113,113,Marshall & Ilsley Corp,Unknown,False,True,True,FMP price exists but outside membership window (left index: delisted/acquired/renamed)
GM,2000-01-31,2009-05-31,113,268,General Motors Co,Consumer Cyclical,True,True,True,partial FMP coverage (still in index)
ROH,2000-01-31,2009-03-31,111,111,Rohm & Hass Co,Unknown,False,False,True,no FMP price at all (left index: delisted/acquired/renamed)
DYN,2000-10-31,2009-11-30,110,110,Dynegy Inc.,Unknown,False,True,True,FMP price exists but outside membership window (left index: delisted/acquired/renamed)
DNB,2000-01-31,2017-03-31,109,109,Dun & Bradstreet Corp,Unknown,False,True,True,FMP price exists but outside membership window (left index: delisted/acquired/renamed)
UST,2000-01-31,2008-12-31,108,108,UST Inc.,Unknown,False,True,True,FMP price exists but outside membership window (left index: delisted/acquired/renamed)
NCC,2000-01-31,2008-11-30,107,107,National City Corp.,Unknown,False,False,True,no FMP price at all (left index: delisted/acquired/renamed)
KATE,2000-01-31,2008-11-30,107,107,Kate Spade & Co,Unknown,False,True,True,FMP price exists but outside membership window (left index: delisted/acquired/renamed)
AW,2000-01-31,2008-11-30,107,107,Allied Waste Industries Inc.,Unknown,False,False,True,no FMP price at all (left index: delisted/acquired/renamed)
WB,2000-01-31,2008-11-30,107,107,Wachovia Corp.,Unknown,False,True,True,FMP price exists but outside membership window (left index: delisted/acquired/renamed)
MER,2000-01-31,2008-11-30,107,107,Merrill Lynch & Co,Unknown,False,True,True,FMP price exists but outside membership window (left index: delisted/acquired/renamed)
HPC,2000-01-31,2008-10-31,106,106,Hercules Inc.,Unknown,False,False,True,no FMP price at all (left index: delisted/acquired/renamed)
ABI,2000-01-31,2008-10-31,106,106,Applied Biosystems Inc.,Unknown,False,True,True,FMP price exists but outside membership window (left index: delisted/acquired/renamed)
BUD,2000-01-31,2008-10-31,106,106,,Unknown,False,True,True,FMP price exists but outside membership window (left index: delisted/acquired/renamed)
HCBK,2007-02-28,2015-10-31,105,105,Hudson City Bancorp Inc,Unknown,False,False,True,no FMP price at all (left index: delisted/acquired/renamed)
WIN,2006-07-31,2015-03-31,105,105,Windstream Holdings Inc,Unknown,False,False,True,no FMP price at all (left index: delisted/acquired/renamed)
PBG,2001-05-31,2010-01-31,105,105,Pepsi Bottling Group Inc.,Unknown,False,False,True,no FMP price at all (left index: delisted/acquired/renamed)
WWY,2000-01-31,2008-09-30,105,105,Wrigley Co.,Unknown,False,False,True,no FMP price at all (left index: delisted/acquired/renamed)
MHS,2003-08-31,2012-03-31,104,104,Medco Health Solution Inc,Unknown,False,False,True,no FMP price at all (left index: delisted/acquired/renamed)
LEHMQ,2000-01-31,2008-08-31,104,104,Lehman Brothers Holding,Unknown,False,False,True,no FMP price at all (left index: delisted/acquired/renamed)
PCP,2007-05-31,2015-12-31,104,104,Precision Castparts Corp,Unknown,False,True,True,FMP price exists but outside membership window (left index: delisted/acquired/renamed)
SAF,2000-01-31,2008-08-31,104,104,Safeco Corp.,Unknown,False,True,True,FMP price exists but outside membership window (left index: delisted/acquired/renamed)
COOP,2000-01-31,2008-08-31,104,104,Mr. Cooper Group Inc,Unknown,False,True,True,FMP price exists but outside membership window (left index: delisted/acquired/renamed)
EDS,2000-01-31,2008-07-31,103,103,Electronic Data Systems Corp,Unknown,False,False,True,no FMP price at all (left index: delisted/acquired/renamed)
FTR,2000-01-31,2008-06-30,102,206,Frontier Comm's Corp,Unknown,False,True,True,partial FMP coverage (left index: delisted/acquired/renamed)
IHRT,2000-01-31,2008-06-30,102,102,iHeartMedia Inc,Unknown,False,True,True,FMP price exists but outside membership window (left index: delisted/acquired/renamed)
CFC,2000-01-31,2008-05-31,101,101,Countrywide Financial Corp.,Unknown,False,False,True,no FMP price at all (left index: delisted/acquired/renamed)
BSC,2000-01-31,2008-05-31,101,101,Bear Stearns Co,Unknown,False,False,True,no FMP price at all (left index: delisted/acquired/renamed)
OMX,2000-01-31,2008-05-31,101,101,OfficeMax Inc,Unknown,False,False,True,no FMP price at all (left index: delisted/acquired/renamed)
TEG,2007-02-28,2015-05-31,100,100,Integrys Energy Group,Unknown,False,False,True,no FMP price at all (left index: delisted/acquired/renamed)
POM,2007-11-30,2016-02-29,100,100,Pepco Holdings Inc.,Unknown,False,True,True,FMP price exists but outside membership window (left index: delisted/acquired/renamed)
CC,2000-01-31,2008-02-29,98,98,Circuit City Stores Inc.,Unknown,False,True,True,FMP price exists but outside membership window (left index: delisted/acquired/renamed)
CZR,2000-01-31,2007-12-31,96,150,Caesars Entertainment,Unknown,False,True,True,partial FMP coverage (left index: delisted/acquired/renamed)
BJS,2002-05-31,2010-03-31,95,95,BJ Services Co.,Unknown,False,False,True,no FMP price at all (left index: delisted/acquired/renamed)
TIN,2000-01-31,2007-11-30,95,95,,Unknown,False,False,True,no FMP price at all (left index: delisted/acquired/renamed)
DJ,2000-01-31,2007-11-30,95,95,Dow Jones & Co. Inc.,Unknown,False,False,True,no FMP price at all (left index: delisted/acquired/renamed)
TRCO,2000-01-31,2007-11-30,95,95,Tribune Media Co,Unknown,False,True,True,FMP price exists but outside membership window (left index: delisted/acquired/renamed)
TEK,2000-01-31,2007-10-31,94,94,Tektronix Inc.,Unknown,False,True,True,FMP price exists but outside membership window (left index: delisted/acquired/renamed)
BTU,2006-11-30,2014-08-31,94,94,Peabody Energy Corp,Unknown,False,True,True,FMP price exists but outside membership window (left index: delisted/acquired/renamed)
BOL,2000-01-31,2007-09-30,93,93,Bausch & Lomb Inc.,Unknown,False,True,True,FMP price exists but outside membership window (left index: delisted/acquired/renamed)
SLR,2000-01-31,2007-09-30,93,93,Solectron Corp.,Unknown,False,False,True,no FMP price at all (left index: delisted/acquired/renamed)
CVH,2005-08-31,2013-04-30,93,93,Coventry Corp,Unknown,False,False,True,no FMP price at all (left index: delisted/acquired/renamed)
TXU,2000-01-31,2007-09-30,93,93,TXU Corp.,Unknown,False,False,True,no FMP price at all (left index: delisted/acquired/renamed)
HLT,2000-01-31,2007-09-30,93,200,Hilton Worldwide Holdings Inc.,Consumer Cyclical,True,True,True,partial FMP coverage (still in index)
FDC,2000-01-31,2007-08-31,92,92,First Data Corp.,Unknown,False,False,True,no FMP price at all (left index: delisted/acquired/renamed)
DO,2009-02-28,2016-08-31,91,91,Diamond Offshore Drilling Inc,Unknown,False,True,True,FMP price exists but outside membership window (left index: delisted/acquired/renamed)
SHLD,2005-03-31,2012-08-31,90,90,Sears Holdings Corp,Unknown,False,True,True,FMP price exists but outside membership window (left index: delisted/acquired/renamed)
DG,2000-01-31,2007-06-30,90,252,Dollar General Corp,Consumer Defensive,True,True,True,partial FMP coverage (still in index)
AMBC,2000-12-31,2008-05-31,90,90,Ambac Financial Group Inc.,Unknown,False,True,True,FMP price exists but outside membership window (left index: delisted/acquired/renamed)
BMET,2000-01-31,2007-06-30,90,90,Biomet Inc.,Unknown,False,False,True,no FMP price at all (left index: delisted/acquired/renamed)
MEL,2000-01-31,2007-05-31,89,89,Mellon Financial Corp,Unknown,False,False,True,no FMP price at all (left index: delisted/acquired/renamed)
ADCT,2000-01-31,2007-05-31,89,89,ADC Telecommunications Inc,Unknown,False,True,True,FMP price exists but outside membership window (left index: delisted/acquired/renamed)
WFM,2005-12-31,2013-04-30,89,140,Whole Foods Market Inc,Unknown,False,True,True,partial FMP coverage (left index: delisted/acquired/renamed)
JNY,2001-12-31,2009-02-28,87,87,Jones Group,Unknown,False,False,True,no FMP price at all (left index: delisted/acquired/renamed)
DF,2006-03-31,2013-04-30,86,86,Dean Foods Co,Unknown,False,False,True,no FMP price at all (left index: delisted/acquired/renamed)
TWC,2009-03-31,2016-04-30,86,86,Time Warner Cable Inc.,Unknown,False,False,True,no FMP price at all (left index: delisted/acquired/renamed)
PD,2000-01-31,2007-02-28,86,86,Phelps Dodge Corp,Unknown,False,True,True,FMP price exists but outside membership window (left index: delisted/acquired/renamed)
PGL,2000-01-31,2007-01-31,85,85,Peoples Energy Corp,Unknown,False,False,True,no FMP price at all (left index: delisted/acquired/renamed)
AV,2000-09-30,2007-09-30,85,85,Avaya Inc.,Unknown,False,False,True,no FMP price at all (left index: delisted/acquired/renamed)
CMVT,2000-01-31,2007-01-31,85,85,Comverse Technology Inc,Unknown,False,False,True,no FMP price at all (left index: delisted/acquired/renamed)
LO,2008-06-30,2015-05-31,84,84,Lorillard Inc.,Unknown,False,False,True,no FMP price at all (left index: delisted/acquired/renamed)
KSE,2000-08-31,2007-07-31,84,84,KeySpan Corp,Unknown,False,False,True,no FMP price at all (left index: delisted/acquired/renamed)
BLS,2000-01-31,2006-12-31,84,84,BellSouth Corp.,Unknown,False,False,True,no FMP price at all (left index: delisted/acquired/renamed)
CPWR,2000-01-31,2006-11-30,83,143,Compuware Corp,Unknown,False,True,True,partial FMP coverage (left index: delisted/acquired/renamed)
MEDI,2000-06-30,2007-04-30,83,83,MedImmune Inc.,Unknown,False,True,True,FMP price exists but outside membership window (left index: delisted/acquired/renamed)
NAV,2000-01-31,2006-11-30,83,83,Navistar Int'l Corp,Unknown,False,True,True,FMP price exists but outside membership window (left index: delisted/acquired/renamed)
ASO,2000-01-31,2006-10-31,82,82,AmSouth Bancorp,Unknown,False,True,True,FMP price exists but outside membership window (left index: delisted/acquired/renamed)
LU,2000-01-31,2006-10-31,82,82,Lucent Technology,Unknown,False,True,True,FMP price exists but outside membership window (left index: delisted/acquired/renamed)
ACV,2000-01-31,2006-10-31,82,82,,Unknown,False,True,True,FMP price exists but outside membership window (left index: delisted/acquired/renamed)
HCA,2000-01-31,2006-10-31,82,218,HCA Holdings Inc,Healthcare,True,True,True,partial FMP coverage (still in index)
APCC,2000-05-31,2007-01-31,81,81,American Power Conversion Corp,Unknown,False,False,True,no FMP price at all (left index: delisted/acquired/renamed)
GDW,2000-01-31,2006-08-31,80,80,Golden West Financial,Unknown,False,False,True,no FMP price at all (left index: delisted/acquired/renamed)
ANDW,2000-01-31,2006-08-31,80,80,Andrew Corp.,Unknown,False,False,True,no FMP price at all (left index: delisted/acquired/renamed)
VAL,2007-01-31,2016-02-29,79,79,Valaris plc,Unknown,False,True,True,FMP price exists but outside membership window (left index: delisted/acquired/renamed)
GTW,2000-01-31,2006-06-30,78,78,Gateway Inc.,Unknown,False,False,True,no FMP price at all (left index: delisted/acquired/renamed)
EC,2000-01-31,2006-05-31,77,77,Engelhard Corp.,Unknown,False,True,True,FMP price exists but outside membership window (left index: delisted/acquired/renamed)
ABS,2000-01-31,2006-05-31,77,77,Albertson's Inc.,Unknown,False,False,True,no FMP price at all (left index: delisted/acquired/renamed)
KMI,2000-12-31,2007-04-30,77,245,Kinder Morgan Inc,Energy,True,True,True,partial FMP coverage (still in index)
KRI,2000-01-31,2006-05-31,77,77,,Unknown,False,False,True,no FMP price at all (left index: delisted/acquired/renamed)
GDT,2000-01-31,2006-03-31,75,75,Guidant Corp,Unknown,False,True,True,FMP price exists but outside membership window (left index: delisted/acquired/renamed)
CIN,2000-01-31,2006-02-28,74,74,Cinergy Corp.,Unknown,False,False,True,no FMP price at all (left index: delisted/acquired/renamed)
DAN,2000-01-31,2006-02-28,74,74,Dana Inc,Unknown,False,True,True,FMP price exists but outside membership window (left index: delisted/acquired/renamed)
JP,2000-01-31,2006-02-28,74,74,,Unknown,False,True,True,FMP price exists but outside membership window (left index: delisted/acquired/renamed)
BR,2000-01-31,2006-02-28,74,169,Broadridge Financial Solutions Inc,Technology,True,True,True,partial FMP coverage (still in index)
MYG,2000-01-31,2006-02-28,74,74,Maytag Corp.,Unknown,False,False,True,no FMP price at all (left index: delisted/acquired/renamed)
UVN,2001-02-28,2007-02-28,73,73,Univision Comm Inc,Unknown,False,False,True,no FMP price at all (left index: delisted/acquired/renamed)
GGP,2007-06-30,2018-07-31,73,73,GGP Inc,Unknown,False,False,True,no FMP price at all (left index: delisted/acquired/renamed)
GENZ,2001-12-31,2007-12-31,73,112,Genzyme Corp.,Unknown,False,True,True,partial FMP coverage (left index: delisted/acquired/renamed)
NYX,2007-10-31,2013-10-31,73,73,NYSE Euronext Inc,Unknown,False,False,True,no FMP price at all (left index: delisted/acquired/renamed)
SBL,2000-12-31,2006-12-31,73,73,Symbol Technologies Inc,Unknown,False,False,True,no FMP price at all (left index: delisted/acquired/renamed)
SFA,2000-01-31,2006-01-31,73,73,,Unknown,False,False,True,no FMP price at all (left index: delisted/acquired/renamed)
VIAB,2005-12-31,2011-11-30,72,168,Viacom Inc.,Unknown,False,True,True,partial FMP coverage (left index: delisted/acquired/renamed)
RBK,2000-01-31,2005-12-31,72,72,Reebok Int'l Ltd,Unknown,False,False,True,no FMP price at all (left index: delisted/acquired/renamed)
COV,2007-06-30,2014-12-31,71,71,Covidien Plc,Unknown,False,False,True,no FMP price at all (left index: delisted/acquired/renamed)
DNR,2009-04-30,2015-02-28,71,71,Denbury Resources Inc.,Unknown,False,True,True,FMP price exists but outside membership window (left index: delisted/acquired/renamed)
KRB,2000-01-31,2005-11-30,71,71,MBNA Corp.,Unknown,False,False,True,no FMP price at all (left index: delisted/acquired/renamed)
GP,2000-01-31,2005-11-30,71,71,,Unknown,False,True,True,FMP price exists but outside membership window (left index: delisted/acquired/renamed)
PSKY,2000-01-31,2005-11-30,71,316,Paramount Skydance Corp,Communication Services,True,True,False,partial FMP coverage (still in index)
ACS,2004-04-30,2010-01-31,70,70,Affiliated Computer Services,Unknown,False,True,True,FMP price exists but outside membership window (left index: delisted/acquired/renamed)
DPH,2000-01-31,2005-09-30,69,69,Delphi Corp.,Unknown,False,False,True,no FMP price at all (left index: delisted/acquired/renamed)
G,2000-01-31,2005-08-31,68,68,Gillette Co.,Unknown,False,True,True,FMP price exists but outside membership window (left index: delisted/acquired/renamed)
PVN,2000-01-31,2005-08-31,68,68,Providian Financial Corp,Unknown,False,False,True,no FMP price at all (left index: delisted/acquired/renamed)
SEBL,2000-05-31,2005-12-31,68,68,Siebel Systems Inc.,Unknown,False,False,True,no FMP price at all (left index: delisted/acquired/renamed)
UCL,2000-01-31,2005-07-31,67,67,Unocal Co,Unknown,False,True,True,FMP price exists but outside membership window (left index: delisted/acquired/renamed)
DAL,2000-01-31,2005-07-31,67,219,Delta Air Lines Inc,Industrials,True,True,True,partial FMP coverage (still in index)
CFN,2009-08-31,2015-02-28,67,67,CareFusion Corp,Unknown,False,False,True,no FMP price at all (left index: delisted/acquired/renamed)
NXTL,2000-01-31,2005-07-31,67,67,Nextel Communications Inc,Unknown,False,False,True,no FMP price at all (left index: delisted/acquired/renamed)
MERQ,2000-06-30,2005-12-31,67,67,Mercury Interactive Corp,Unknown,False,False,True,no FMP price at all (left index: delisted/acquired/renamed)
MAY,2000-01-31,2005-07-31,67,67,May Dept Stores,Unknown,False,False,True,no FMP price at all (left index: delisted/acquired/renamed)
RMG,2010-12-31,2016-05-31,66,66,Cablevision Systems Corp.,Unknown,False,True,True,FMP price exists but outside membership window (left index: delisted/acquired/renamed)
GLK,2000-01-31,2005-06-30,66,66,Great Lakes Chemical Corp,Unknown,False,False,True,no FMP price at all (left index: delisted/acquired/renamed)
TOY,2000-01-31,2005-06-30,66,66,"Toys ""R"" Us, Inc.",Unknown,False,False,True,no FMP price at all (left index: delisted/acquired/renamed)
VC,2000-06-30,2005-11-30,66,66,Visteon Corp.,Unknown,False,True,True,FMP price exists but outside membership window (left index: delisted/acquired/renamed)
XTO,2004-12-31,2010-05-31,66,66,XTO Energy Inc.,Unknown,False,False,True,no FMP price at all (left index: delisted/acquired/renamed)
CHIR,2000-11-30,2006-03-31,65,65,Chiron Corp.,Unknown,False,True,True,FMP price exists but outside membership window (left index: delisted/acquired/renamed)
HMA,2001-11-30,2007-02-28,64,64,Health Management Associates Inc,Unknown,False,True,True,FMP price exists but outside membership window (left index: delisted/acquired/renamed)
VRTS,2000-03-31,2005-06-30,64,64,Veritas Software Corp,Unknown,False,True,True,FMP price exists but outside membership window (left index: delisted/acquired/renamed)
EOP,2001-10-31,2007-01-31,64,64,Equity Office Properties Trust,Unknown,False,False,True,no FMP price at all (left index: delisted/acquired/renamed)
TIE,2007-10-31,2012-11-30,62,62,Titanium Metal Corp,Unknown,False,False,True,no FMP price at all (left index: delisted/acquired/renamed)
LIFE,2008-11-30,2013-12-31,62,62,Life Technologies Corp,Unknown,False,True,True,FMP price exists but outside membership window (left index: delisted/acquired/renamed)
CPN,2000-11-30,2005-11-30,61,61,Calpine Corp.,Unknown,False,True,True,FMP price exists but outside membership window (left index: delisted/acquired/renamed)
PSFT,2000-01-31,2004-11-30,59,59,People Soft Inc,Unknown,False,True,True,FMP price exists but outside membership window (left index: delisted/acquired/renamed)
WLP,2000-01-31,2004-10-31,58,58,Wellpoint Health Networks Inc,Unknown,False,False,True,no FMP price at all (left index: delisted/acquired/renamed)
SOTR,2000-01-31,2004-09-30,57,57,SouthTrust Corp,Unknown,False,False,True,no FMP price at all (left index: delisted/acquired/renamed)
INFO,2017-06-30,2022-01-31,56,56,IHS Markit Ltd,Unknown,False,True,True,FMP price exists but outside membership window (left index: delisted/acquired/renamed)
TNB,2000-01-31,2004-07-31,55,55,Thomas & Betts Corp,Unknown,False,False,True,no FMP price at all (left index: delisted/acquired/renamed)
SUNEQ,2007-05-31,2011-11-30,55,55,SunEdison Inc,Unknown,False,False,True,no FMP price at all (left index: delisted/acquired/renamed)
UPC,2000-01-31,2004-05-31,53,53,Union Planters Corp.,Unknown,False,True,True,FMP price exists but outside membership window (left index: delisted/acquired/renamed)
ONE,2000-01-31,2004-05-31,53,53,Bank One Corp.,Unknown,False,True,True,FMP price exists but outside membership window (left index: delisted/acquired/renamed)
PWER,2000-10-31,2005-02-28,53,53,,Unknown,False,True,True,FMP price exists but outside membership window (left index: delisted/acquired/renamed)
NFB,2002-07-31,2006-10-31,52,52,North Fork BanCorp,Unknown,False,False,True,no FMP price at all (left index: delisted/acquired/renamed)
AM,2000-01-31,2004-03-31,51,51,American Greetings Corp,Unknown,False,True,True,FMP price exists but outside membership window (left index: delisted/acquired/renamed)
PCS,2000-01-31,2004-03-31,51,51,Sprint PCS Group,Unknown,False,False,True,no FMP price at all (left index: delisted/acquired/renamed)
FBF,2000-01-31,2004-02-29,50,50,FleetBoston Financial Group Inc,Unknown,False,False,True,no FMP price at all (left index: delisted/acquired/renamed)
CF,2000-06-30,2004-07-31,50,263,CF Industries Holdings Inc.,Basic Materials,True,True,True,partial FMP coverage (still in index)
RRD,2000-01-31,2004-02-29,50,155,RR Donnelley & Sons Co,Unknown,False,True,True,partial FMP coverage (left index: delisted/acquired/renamed)
MEE,2000-01-31,2011-05-31,47,47,Massey Energy Co.,Unknown,False,False,True,no FMP price at all (left index: delisted/acquired/renamed)
AGN,2000-01-31,2015-05-31,47,244,Allergan plc,Unknown,False,True,True,partial FMP coverage (left index: delisted/acquired/renamed)
BGEN,2000-01-31,2003-10-31,46,46,Biogen NV,Unknown,False,False,True,no FMP price at all (left index: delisted/acquired/renamed)
XLNX,2000-01-31,2003-08-31,44,265,Xilinx Inc,Unknown,False,True,True,partial FMP coverage (left index: delisted/acquired/renamed)
AT,2000-01-31,2003-08-31,44,94,Alltel Corp,Unknown,False,True,True,partial FMP coverage (left index: delisted/acquired/renamed)
AVP,2000-01-31,2003-08-31,44,182,Avon Products Inc,Unknown,False,True,True,partial FMP coverage (left index: delisted/acquired/renamed)
CSC,2000-01-31,2003-08-31,44,190,Computer Sciences Corp.,Unknown,False,True,True,partial FMP coverage (left index: delisted/acquired/renamed)
CTXS,2000-01-31,2003-08-31,44,272,Citrix Systems Inc,Unknown,False,True,True,partial FMP coverage (left index: delisted/acquired/renamed)
CTX,2000-01-31,2003-08-31,44,115,Centex Corp.,Unknown,False,True,True,partial FMP coverage (left index: delisted/acquired/renamed)
CTB,2000-01-31,2003-08-31,44,78,Cooper Tire & Rubber Co.,Unknown,False,True,True,partial FMP coverage (left index: delisted/acquired/renamed)
SPLS,2000-01-31,2003-08-31,44,212,Staples Inc.,Unknown,False,True,True,partial FMP coverage (left index: delisted/acquired/renamed)
CCE,2000-01-31,2003-08-31,44,196,,Unknown,False,True,True,partial FMP coverage (left index: delisted/acquired/renamed)
STJ,2000-01-31,2003-08-31,44,204,St. Jude Medical Inc,Unknown,False,True,True,partial FMP coverage (left index: delisted/acquired/renamed)
BNI,2000-01-31,2003-08-31,44,121,Burlington Northern Santa Fe Corp,Unknown,False,True,True,partial FMP coverage (left index: delisted/acquired/renamed)
QTRN,2000-01-31,2003-08-31,44,44,Quintiles Transnational Corp,Unknown,False,False,True,no FMP price at all (left index: delisted/acquired/renamed)
JCP,2000-01-31,2003-08-31,44,166,J.C. Penney Co Inc,Unknown,False,True,True,partial FMP coverage (left index: delisted/acquired/renamed)
RTN,2000-01-31,2003-08-31,44,243,Raytheon Co.,Unknown,False,True,True,partial FMP coverage (left index: delisted/acquired/renamed)
HCR,2000-01-31,2003-08-31,44,94,Manor Care Inc.,Unknown,False,True,True,partial FMP coverage (left index: delisted/acquired/renamed)
LXK,2000-01-31,2003-08-31,44,152,Lexmark International Inc,Unknown,False,True,True,partial FMP coverage (left index: delisted/acquired/renamed)
MDP,2000-01-31,2003-08-31,44,132,Meredith Corp.,Unknown,False,True,True,partial FMP coverage (left index: delisted/acquired/renamed)
AMCC,2000-01-31,2003-08-31,44,76,Applied Micro Circuits Corp.,Unknown,False,True,True,partial FMP coverage (left index: delisted/acquired/renamed)
ADT,2012-09-30,2016-04-30,44,44,ADT Corp.,Unknown,False,True,True,FMP price exists but outside membership window (left index: delisted/acquired/renamed)
WFT,2005-07-31,2009-01-31,43,43,Weatherford Int'l plc,Unknown,False,False,True,no FMP price at all (left index: delisted/acquired/renamed)
STR,2006-11-30,2010-05-31,43,43,Questar Corp.,Unknown,False,True,True,FMP price exists but outside membership window (left index: delisted/acquired/renamed)
MDR,2000-01-31,2003-07-31,43,43,McDermott Int'l Inc,Unknown,False,True,True,FMP price exists but outside membership window (left index: delisted/acquired/renamed)
LLTC,2000-03-31,2003-08-31,42,204,Linear Technology Corp.,Unknown,False,True,True,partial FMP coverage (left index: delisted/acquired/renamed)
TSG,2000-03-31,2003-08-31,42,84,Sabre Holdings Corp,Unknown,False,True,True,partial FMP coverage (left index: delisted/acquired/renamed)
SII,2006-09-30,2010-01-31,41,47,Smith Int'l Inc,Unknown,False,True,True,partial FMP coverage (left index: delisted/acquired/renamed)
MXIM,2000-05-31,2003-08-31,40,121,Maxim Integrated Products Inc,Unknown,False,True,True,partial FMP coverage (left index: delisted/acquired/renamed)
PHA,2000-01-31,2003-03-31,39,39,Pharmacia Corp.,Unknown,False,False,True,no FMP price at all (left index: delisted/acquired/renamed)
TIF,2000-06-30,2003-08-31,39,247,Tiffany & Co,Unknown,False,True,True,partial FMP coverage (left index: delisted/acquired/renamed)
BRCM,2000-06-30,2003-08-31,39,187,Broadcom Corp.,Unknown,False,True,True,partial FMP coverage (left index: delisted/acquired/renamed)
AWE,2001-07-31,2004-09-30,39,39,AT&T Wireless,Unknown,False,False,True,no FMP price at all (left index: delisted/acquired/renamed)
JNS,2000-07-31,2003-08-31,38,136,Janus Capital Group,Unknown,False,True,True,partial FMP coverage (left index: delisted/acquired/renamed)
HI,2000-01-31,2003-02-28,38,38,Household International Inc,Unknown,False,True,True,FMP price exists but outside membership window (left index: delisted/acquired/renamed)
AMR,2000-01-31,2003-02-28,38,38,AMR Corp.,Unknown,False,True,True,FMP price exists but outside membership window (left index: delisted/acquired/renamed)
EQ,2006-05-31,2009-05-31,37,37,Embarq Corporation,Unknown,False,True,True,FMP price exists but outside membership window (left index: delisted/acquired/renamed)
SDS,2002-07-31,2005-07-31,37,37,Sungard Data Systems Inc,Unknown,False,True,True,FMP price exists but outside membership window (left index: delisted/acquired/renamed)
CMCSK,2000-01-31,2015-11-30,37,37,Comcast Class A Spec.,Unknown,False,False,True,no FMP price at all (left index: delisted/acquired/renamed)
CMX,2004-03-31,2007-02-28,36,36,Caremark Rx,Unknown,False,False,True,no FMP price at all (left index: delisted/acquired/renamed)
TRW,2000-01-31,2002-11-30,35,35,TRW Inc.,Unknown,False,False,True,no FMP price at all (left index: delisted/acquired/renamed)
MNK,2014-08-31,2017-06-30,35,35,Mallinckrodt plc,Unknown,False,True,True,FMP price exists but outside membership window (left index: delisted/acquired/renamed)
CE,2001-03-31,2004-01-31,35,110,Celanese,Unknown,False,True,True,partial FMP coverage (left index: delisted/acquired/renamed)
CEPH,2008-11-30,2011-09-30,35,35,Cephalon Inc.,Unknown,False,False,True,no FMP price at all (left index: delisted/acquired/renamed)
HOT,2000-11-30,2003-08-31,34,190,Starwood Hotels & Resorts Worldwide Inc,Unknown,False,True,True,partial FMP coverage (left index: delisted/acquired/renamed)
BRL,2006-02-28,2008-11-30,34,34,Barr Pharmaceuticals Inc.,Unknown,False,False,True,no FMP price at all (left index: delisted/acquired/renamed)
ASN,2004-12-31,2007-09-30,34,34,,Unknown,False,False,True,no FMP price at all (left index: delisted/acquired/renamed)
JHF,2001-06-30,2004-03-31,34,34,John Hancock Financial Services Inc,Unknown,False,False,True,no FMP price at all (left index: delisted/acquired/renamed)
CBSS,2004-12-31,2007-08-31,33,33,Compass Bancshares Inc,Unknown,False,False,True,no FMP price at all (left index: delisted/acquired/renamed)
ETFC,2004-03-31,2006-11-30,33,199,E*TRADE Financial Corp,Unknown,False,True,True,partial FMP coverage (left index: delisted/acquired/renamed)
QLGC,2000-12-31,2003-08-31,33,121,QLogic Corp.,Unknown,False,True,True,partial FMP coverage (left index: delisted/acquired/renamed)
KHC,2012-10-31,2015-06-30,33,163,Kraft Heinz Co,Consumer Defensive,True,True,False,partial FMP coverage (still in index)
COC-B,2000-01-31,2002-07-31,31,31,Conoco Inc.,Unknown,False,False,True,no FMP price at all (left index: delisted/acquired/renamed)
AL,2000-01-31,2002-06-30,30,30,Alcan Inc.,Unknown,False,True,True,FMP price exists but outside membership window (left index: delisted/acquired/renamed)
NT,2000-01-31,2002-06-30,30,30,Nortel Networks,Unknown,False,False,True,no FMP price at all (left index: delisted/acquired/renamed)
UN,2000-01-31,2002-06-30,30,30,Unilever N.V.,Unknown,False,True,True,FMP price exists but outside membership window (left index: delisted/acquired/renamed)
ABX,2000-01-31,2002-06-30,30,30,Barrick Gold Corp.,Unknown,False,True,True,FMP price exists but outside membership window (left index: delisted/acquired/renamed)
CNO,2000-01-31,2002-06-30,30,30,CNO Financial Group,Unknown,False,True,True,FMP price exists but outside membership window (left index: delisted/acquired/renamed)
RD,2000-01-31,2002-06-30,30,30,Royal Dutch Petroleum,Unknown,False,False,True,no FMP price at all (left index: delisted/acquired/renamed)
N,2000-01-31,2002-06-30,30,30,Inco Ltd.,Unknown,False,True,True,FMP price exists but outside membership window (left index: delisted/acquired/renamed)
PDG,2000-01-31,2002-06-30,30,30,Placer Dome Inc.,Unknown,False,False,True,no FMP price at all (left index: delisted/acquired/renamed)
PETM,2012-10-31,2015-02-28,29,29,PetSmart Inc,Unknown,False,False,True,no FMP price at all (left index: delisted/acquired/renamed)
CNXT,2000-01-31,2002-05-31,29,29,Conexant Systems,Unknown,False,True,True,FMP price exists but outside membership window (left index: delisted/acquired/renamed)
U,2000-01-31,2002-04-30,28,28,US Airways Group,Unknown,False,True,True,FMP price exists but outside membership window (left index: delisted/acquired/renamed)
WCOM,2000-01-31,2002-04-30,28,28,WorldCom Inc,Unknown,False,False,True,no FMP price at all (left index: delisted/acquired/renamed)
CPQ,2000-01-31,2002-04-30,28,28,Compaq Computer Corp,Unknown,False,False,True,no FMP price at all (left index: delisted/acquired/renamed)
COL,2001-06-30,2003-08-31,27,209,Rockwell Collins Inc,Unknown,False,True,True,partial FMP coverage (left index: delisted/acquired/renamed)
FSH,2004-08-31,2006-10-31,27,27,Fisher Scientific Int'l,Unknown,False,False,True,no FMP price at all (left index: delisted/acquired/renamed)
MFE,2008-12-31,2011-01-31,26,26,McAfee Inc.,Unknown,False,False,True,no FMP price at all (left index: delisted/acquired/renamed)
NLSN,2013-07-31,2015-07-31,25,111,Nielsen Holdings plc,Unknown,False,True,True,partial FMP coverage (left index: delisted/acquired/renamed)
PMCS,2001-08-31,2003-08-31,25,70,,Unknown,False,True,True,partial FMP coverage (left index: delisted/acquired/renamed)
PALM,2000-07-31,2002-07-31,25,25,Palm Inc.,Unknown,False,False,True,no FMP price at all (left index: delisted/acquired/renamed)
WLL,2000-01-31,2002-01-31,25,25,Willamette Industries Inc,Unknown,False,True,True,FMP price exists but outside membership window (left index: delisted/acquired/renamed)
KM,2000-01-31,2001-12-31,24,24,Kmart Corp,Unknown,False,False,True,no FMP price at all (left index: delisted/acquired/renamed)
SAPE,2000-05-31,2002-04-30,24,24,Sapient Corp.,Unknown,False,False,True,no FMP price at all (left index: delisted/acquired/renamed)
MEA,2000-01-31,2001-12-31,24,24,Mead Corp.,Unknown,False,False,True,no FMP price at all (left index: delisted/acquired/renamed)
FSLB,2004-12-31,2006-11-30,24,24,Freescale Semiconductor Inc,Unknown,False,False,True,no FMP price at all (left index: delisted/acquired/renamed)
RAL,2000-01-31,2001-11-30,23,23,Ralston Purina Co.,Unknown,False,True,True,FMP price exists but outside membership window (left index: delisted/acquired/renamed)
HM,2000-01-31,2001-11-30,23,23,Homestake Mining Co,Unknown,False,False,True,no FMP price at all (left index: delisted/acquired/renamed)
ENRNQ,2000-01-31,2001-10-31,22,22,Enron Corp.,Unknown,False,False,True,no FMP price at all (left index: delisted/acquired/renamed)
GPU,2000-01-31,2001-10-31,22,22,GPU Inc.,Unknown,False,False,True,no FMP price at all (left index: delisted/acquired/renamed)
NSI,2000-01-31,2001-10-31,22,22,National Service Industries Inc,Unknown,False,True,True,FMP price exists but outside membership window (left index: delisted/acquired/renamed)
TX,2000-01-31,2001-09-30,21,21,Texaco Inc.,Unknown,False,True,True,FMP price exists but outside membership window (left index: delisted/acquired/renamed)
GLBC,2000-01-31,2001-09-30,21,21,Global Crossing Ltd,Unknown,False,False,True,no FMP price at all (left index: delisted/acquired/renamed)
CBH,2006-06-30,2008-02-29,21,21,Commerce Bancorp (New Jersey),Unknown,False,True,True,FMP price exists but outside membership window (left index: delisted/acquired/renamed)
DWDP,2017-09-30,2019-05-31,21,21,DuPont,Unknown,False,False,True,no FMP price at all (left index: delisted/acquired/renamed)
VTSS,2000-12-31,2002-07-31,20,20,Vitesse Semiconductor Corp,Unknown,False,False,True,no FMP price at all (left index: delisted/acquired/renamed)
ACAS,2007-07-31,2009-02-28,20,20,American Capital Ltd,Unknown,False,False,True,no FMP price at all (left index: delisted/acquired/renamed)
TAP-B,2002-08-31,2004-03-31,20,20,Travelers Property Casualty,Unknown,False,False,True,no FMP price at all (left index: delisted/acquired/renamed)
TOS,2000-01-31,2001-08-31,20,20,Tosco Corp.,Unknown,False,True,True,FMP price exists but outside membership window (left index: delisted/acquired/renamed)
AGC,2000-01-31,2001-07-31,19,19,American General Insurance Co,Unknown,False,True,True,FMP price exists but outside membership window (left index: delisted/acquired/renamed)
OAT,2000-01-31,2001-07-31,19,19,Quaker Oats Co,Unknown,False,False,True,no FMP price at all (left index: delisted/acquired/renamed)
ETS,2000-01-31,2001-07-31,19,19,Enterasys Networks Inc.,Unknown,False,True,True,FMP price exists but outside membership window (left index: delisted/acquired/renamed)
H,2000-01-31,2001-05-31,17,17,Harcourt General Inc.,Unknown,False,True,True,FMP price exists but outside membership window (left index: delisted/acquired/renamed)
LDG,2000-01-31,2001-05-31,17,17,Longs Drug Stores Inc,Unknown,False,True,True,FMP price exists but outside membership window (left index: delisted/acquired/renamed)
AZA-A,2000-01-31,2001-05-31,17,17,ALZA Corp.,Unknown,False,False,True,no FMP price at all (left index: delisted/acquired/renamed)
APOL,2002-05-31,2003-08-31,16,133,Apollo Education Group,Unknown,False,True,True,partial FMP coverage (left index: delisted/acquired/renamed)
ANR,2011-06-30,2012-09-30,16,16,Alpha Natural Resources Inc,Unknown,False,False,True,no FMP price at all (left index: delisted/acquired/renamed)
BDX,2000-01-31,2001-04-30,16,316,Becton Dickinson & Co,Healthcare,True,True,False,partial FMP coverage (still in index)
SXCL,2000-01-31,2001-04-30,16,16,Steel Excel Inc,Unknown,False,False,True,no FMP price at all (left index: delisted/acquired/renamed)
MMI,2011-01-31,2012-04-30,16,16,Motorola Mobility,Unknown,False,True,True,FMP price exists but outside membership window (left index: delisted/acquired/renamed)
BGG,2000-01-31,2001-03-31,15,15,Briggs & Stratton Corp,Unknown,False,True,True,FMP price exists but outside membership window (left index: delisted/acquired/renamed)
CEN,2000-01-31,2001-02-28,14,14,Ceridian Corp.,Unknown,False,True,True,FMP price exists but outside membership window (left index: delisted/acquired/renamed)
OK,2000-01-31,2001-02-28,14,14,Old Kent Financial Corp,Unknown,False,False,True,no FMP price at all (left index: delisted/acquired/renamed)
UK,2000-01-31,2001-01-31,13,13,Union Carbide Corp Holding Co,Unknown,False,True,True,FMP price exists but outside membership window (left index: delisted/acquired/renamed)
SUB,2000-01-31,2001-01-31,13,13,Summit Bancorp,Unknown,False,True,True,FMP price exists but outside membership window (left index: delisted/acquired/renamed)
RATL,2002-01-31,2003-01-31,13,13,Rational Software Corp,Unknown,False,False,True,no FMP price at all (left index: delisted/acquired/renamed)
BXLT,2015-06-30,2016-05-31,12,12,Baxalta,Unknown,False,False,True,no FMP price at all (left index: delisted/acquired/renamed)
CGP,2000-01-31,2000-12-31,12,12,Coastal Corp.,Unknown,False,False,True,no FMP price at all (left index: delisted/acquired/renamed)
RML,2000-01-31,2000-11-30,11,11,Russell Corp.,Unknown,False,False,True,no FMP price at all (left index: delisted/acquired/renamed)
AFS-A,2000-01-31,2000-11-30,11,11,Associates First Capital Corp,Unknown,False,False,True,no FMP price at all (left index: delisted/acquired/renamed)
BS,2000-01-31,2000-11-30,11,11,Bethlehem Steel Corp,Unknown,False,False,True,no FMP price at all (left index: delisted/acquired/renamed)
VO,2000-01-31,2000-11-30,11,11,Seagram Co. Ltd.,Unknown,False,True,True,FMP price exists but outside membership window (left index: delisted/acquired/renamed)
CIT,2000-07-31,2001-05-31,11,68,CIT Group Inc.,Unknown,False,True,True,partial FMP coverage (left index: delisted/acquired/renamed)
SMI,2000-01-31,2000-11-30,11,11,Springs Industries Inc.,Unknown,False,True,True,FMP price exists but outside membership window (left index: delisted/acquired/renamed)
NGH,2000-01-31,2000-11-30,11,11,Nabisco Group Holding Corp,Unknown,False,False,True,no FMP price at all (left index: delisted/acquired/renamed)
PRD,2000-01-31,2000-11-30,11,11,Polaroid Corp,Unknown,False,False,True,no FMP price at all (left index: delisted/acquired/renamed)
GRA,2000-01-31,2000-11-30,11,11,W. R. Grace & Co,Unknown,False,True,True,FMP price exists but outside membership window (left index: delisted/acquired/renamed)
ACKH,2000-01-31,2000-10-31,10,10,Armstrong Holding Inc,Unknown,False,False,True,no FMP price at all (left index: delisted/acquired/renamed)
FJ,2000-01-31,2000-10-31,10,10,Fort James Corp.,Unknown,False,False,True,no FMP price at all (left index: delisted/acquired/renamed)
FPC,2000-01-31,2000-10-31,10,10,Florida Progress Corp,Unknown,False,False,True,no FMP price at all (left index: delisted/acquired/renamed)
IMNX,2001-09-30,2002-06-30,10,10,Immunex Corp.,Unknown,False,False,True,no FMP price at all (left index: delisted/acquired/renamed)
PWJ,2000-01-31,2000-10-31,10,10,Paine Webber Group Inc,Unknown,False,False,True,no FMP price at all (left index: delisted/acquired/renamed)
JOY,2011-02-28,2011-11-30,10,56,Joy Global Inc.,Unknown,False,True,True,partial FMP coverage (left index: delisted/acquired/renamed)
CG,2000-01-31,2000-10-31,10,10,Columbia Energy Group,Unknown,False,True,True,FMP price exists but outside membership window (left index: delisted/acquired/renamed)
SEG,2000-01-31,2000-10-31,10,10,Seagate Technology,Unknown,False,True,True,FMP price exists but outside membership window (left index: delisted/acquired/renamed)
EFU,2000-01-31,2000-10-31,10,10,Eastern Enterprises,Unknown,False,True,True,FMP price exists but outside membership window (left index: delisted/acquired/renamed)
RLGY,2006-07-31,2007-03-31,9,9,Realogy Holdings Corp,Unknown,False,True,True,FMP price exists but outside membership window (left index: delisted/acquired/renamed)
YNR,2000-01-31,2000-09-30,9,9,Young & Rubicam Inc,Unknown,False,False,True,no FMP price at all (left index: delisted/acquired/renamed)
BFO,2000-01-31,2000-09-30,9,9,BestFoods,Unknown,False,True,True,FMP price exists but outside membership window (left index: delisted/acquired/renamed)
UCM,2000-01-31,2000-09-30,9,9,Unicom Corp Holding Co,Unknown,False,False,True,no FMP price at all (left index: delisted/acquired/renamed)
BVSN,2000-11-30,2001-07-31,9,9,BroadVision Inc.,Unknown,False,True,True,FMP price exists but outside membership window (left index: delisted/acquired/renamed)
MKG,2000-01-31,2000-09-30,9,9,Mallinckrodt Inc.,Unknown,False,False,True,no FMP price at all (left index: delisted/acquired/renamed)
OC,2000-01-31,2000-08-31,8,8,Owens Corning,Unknown,False,True,True,FMP price exists but outside membership window (left index: delisted/acquired/renamed)
NCE,2000-01-31,2000-07-31,7,7,New Century Energies Inc,Unknown,False,False,True,no FMP price at all (left index: delisted/acquired/renamed)
COMS,2000-01-31,2000-06-30,6,6,3Com Corp.,Unknown,False,True,True,FMP price exists but outside membership window (left index: delisted/acquired/renamed)
UPR,2000-01-31,2000-06-30,6,6,Union Pacific Resources Group Inc,Unknown,False,False,True,no FMP price at all (left index: delisted/acquired/renamed)
KSU,2000-01-31,2000-06-30,6,109,Kansas City Southern,Unknown,False,True,True,partial FMP coverage (left index: delisted/acquired/renamed)
USW,2000-01-31,2000-06-30,6,6,US West Inc.,Unknown,False,False,True,no FMP price at all (left index: delisted/acquired/renamed)
WLA,2000-01-31,2000-05-31,5,5,Warner Lambert Pharmaceutical Co,Unknown,False,False,True,no FMP price at all (left index: delisted/acquired/renamed)
MZ,2000-01-31,2000-05-31,5,5,Milacron Inc.,Unknown,False,False,True,no FMP price at all (left index: delisted/acquired/renamed)
IKN,2000-01-31,2000-05-31,5,5,IKON Office Solutions Inc,Unknown,False,False,True,no FMP price at all (left index: delisted/acquired/renamed)
GTE,2000-01-31,2000-05-31,5,5,GTE Corp.,Unknown,False,True,True,FMP price exists but outside membership window (left index: delisted/acquired/renamed)
SMS,2000-01-31,2000-05-31,5,5,Shared Medical Systems Corp,Unknown,False,False,True,no FMP price at all (left index: delisted/acquired/renamed)
TMC-A,2000-01-31,2000-05-31,5,5,Times Mirror Co Share,Unknown,False,False,True,no FMP price at all (left index: delisted/acquired/renamed)
UMG,2000-01-31,2000-05-31,5,5,MediaOne Group Inc.,Unknown,False,False,True,no FMP price at all (left index: delisted/acquired/renamed)
CHA,2000-01-31,2000-05-31,5,5,Champion International Corp,Unknown,False,True,True,FMP price exists but outside membership window (left index: delisted/acquired/renamed)
SGI,2000-01-31,2000-05-31,5,5,Silicon Graphics Inc,Unknown,False,True,True,FMP price exists but outside membership window (left index: delisted/acquired/renamed)
JOS,2000-01-31,2000-04-30,4,4,Jostens Inc.,Unknown,False,False,True,no FMP price at all (left index: delisted/acquired/renamed)
RLM,2000-01-31,2000-04-30,4,4,Reynolds Metals Co,Unknown,False,False,True,no FMP price at all (left index: delisted/acquired/renamed)
MIR,2000-01-31,2000-04-30,4,4,Mirage Resorts Inc,Unknown,False,True,True,FMP price exists but outside membership window (left index: delisted/acquired/renamed)
EP,2002-05-31,2009-05-31,4,148,El Paso Corp.,Unknown,False,True,True,partial FMP coverage (left index: delisted/acquired/renamed)
CBS,2000-01-31,2000-04-30,4,4,CBS Corp.,Unknown,False,True,True,FMP price exists but outside membership window (left index: delisted/acquired/renamed)
ARC,2000-01-31,2000-03-31,3,3,Atlantic Richfield Co,Unknown,False,True,True,FMP price exists but outside membership window (left index: delisted/acquired/renamed)
PNU,2000-01-31,2000-02-29,2,2,Pharmacia & Upjohn Inc.,Unknown,False,False,True,no FMP price at all (left index: delisted/acquired/renamed)
PBY,2000-01-31,2000-02-29,2,2,"Pep Boys: Manny, Moe & Jack",Unknown,False,True,True,FMP price exists but outside membership window (left index: delisted/acquired/renamed)
WPX,2011-12-31,2011-12-31,1,27,WPX Energy Inc,Unknown,False,True,True,partial FMP coverage (left index: delisted/acquired/renamed)
QEP,2010-06-30,2010-06-30,1,60,QEP Resources Inc,Unknown,False,True,True,partial FMP coverage (left index: delisted/acquired/renamed)
TDC,2007-09-30,2007-09-30,1,117,Teradata Corp.,Unknown,False,True,True,partial FMP coverage (left index: delisted/acquired/renamed)
