ticker,company_name,membership_start,membership_end,source,found,n_rows,data_start,data_end,overlap_months,decision,confidence,notes
SOLS,Solstice Advanced Materials,1999-01-31,2025-11-30,yahoo,True,7,2025-10-01,2026-04-01,2,reject,,data present but outside membership window (likely recycled ticker)
SOLS,Solstice Advanced Materials,1999-01-31,2025-11-30,fmp_full,True,134,2025-10-20,2026-05-01,29,recover,high,
STI,SunTrust Banks Inc,1999-01-31,2019-11-30,yahoo,True,48,2022-05-01,2026-04-01,0,reject,,data present but outside membership window (likely recycled ticker)
STI,SunTrust Banks Inc,1999-01-31,2019-11-30,fmp_full,True,1004,2022-05-02,2026-05-01,0,reject,,data present but outside membership window (likely recycled ticker)
APC,Anadarko Petroleum Corp,1999-01-31,2019-07-31,yahoo,True,3,2026-02-01,2026-04-01,0,reject,,data present but outside membership window (likely recycled ticker)
APC,Anadarko Petroleum Corp,1999-01-31,2019-07-31,fmp_full,True,57,2026-02-10,2026-05-01,0,reject,,data present but outside membership window (likely recycled ticker)
CA,CA Inc,1999-01-31,2018-10-31,yahoo,True,29,2023-12-01,2026-04-01,0,reject,,data present but outside membership window (likely recycled ticker)
CA,CA Inc,1999-01-31,2018-10-31,fmp_full,True,595,2023-12-15,2026-05-01,0,reject,,data present but outside membership window (likely recycled ticker)
BCR,C. R. Bard Inc,1999-01-31,2017-11-30,yahoo,False,0,,,0,reject,,no data from this source
BCR,C. R. Bard Inc,1999-01-31,2017-11-30,fmp_full,False,0,,,0,reject,,no data from this source
DOW,Dow Inc,1999-01-31,2026-04-30,yahoo,True,86,2019-03-01,2026-04-01,86,recover,high,
DOW,Dow Inc,1999-01-31,2026-04-30,fmp_full,True,1790,2019-03-20,2026-05-01,1789,recover,high,
YHOO,Yahoo! Inc,1999-12-31,2017-05-31,yahoo,False,0,,,0,reject,,no data from this source
YHOO,Yahoo! Inc,1999-12-31,2017-05-31,fmp_full,False,0,,,0,reject,,no data from this source
XL,XL Group Ltd,2001-08-31,2018-08-31,yahoo,False,0,,,0,reject,,no data from this source
XL,XL Group Ltd,2001-08-31,2018-08-31,fmp_full,True,477,2020-12-22,2022-11-11,0,reject,,data present but outside membership window (likely recycled ticker)
EMC,EMC Corp.,1999-01-31,2016-08-31,yahoo,True,36,2023-05-01,2026-04-01,0,reject,,data present but outside membership window (likely recycled ticker)
EMC,EMC Corp.,1999-01-31,2016-08-31,fmp_full,True,744,2023-05-15,2026-05-01,0,reject,,data present but outside membership window (likely recycled ticker)
TYC,Tyco International,1999-01-31,2016-08-31,yahoo,False,0,,,0,reject,,no data from this source
TYC,Tyco International,1999-01-31,2016-08-31,fmp_full,False,0,,,0,reject,,no data from this source
GAS,AGL Resources Inc.,1999-01-31,2016-05-31,yahoo,False,0,,,0,reject,,no data from this source
GAS,AGL Resources Inc.,1999-01-31,2016-05-31,fmp_full,False,0,,,0,reject,,no data from this source
ACE,Chubb Corp.,1999-01-31,2015-12-31,yahoo,False,0,,,0,reject,,no data from this source
ACE,Chubb Corp.,1999-01-31,2015-12-31,fmp_full,True,1,2020-01-24,2020-01-24,0,reject,,data present but outside membership window (likely recycled ticker)
MON,Monsanto Co.,2002-08-31,2018-05-31,yahoo,False,0,,,0,reject,,no data from this source
MON,Monsanto Co.,2002-08-31,2018-05-31,fmp_full,True,356,2021-03-16,2022-12-23,0,reject,,data present but outside membership window (likely recycled ticker)
SIAL,,1999-01-31,2015-10-31,yahoo,False,0,,,0,reject,,no data from this source
SIAL,,1999-01-31,2015-10-31,fmp_full,False,0,,,0,reject,,no data from this source
ALTR,Altera Corp.,2000-04-30,2015-11-30,yahoo,False,0,,,0,reject,,no data from this source
ALTR,Altera Corp.,2000-04-30,2015-11-30,fmp_full,True,1859,2017-11-01,2025-03-26,0,reject,,data present but outside membership window (likely recycled ticker)
PLL,Pall Corp.,1999-01-31,2015-07-31,yahoo,False,0,,,0,reject,,no data from this source
PLL,Pall Corp.,1999-01-31,2015-07-31,fmp_full,True,1926,2018-01-02,2025-08-29,0,reject,,data present but outside membership window (likely recycled ticker)
WRK,WestRock Co.,1999-01-31,2024-06-30,yahoo,False,0,,,0,reject,,no data from this source
WRK,WestRock Co.,1999-01-31,2024-06-30,fmp_full,True,2273,2015-06-24,2024-07-05,2269,recover,high,
SWY,Safeway Inc.,1999-01-31,2014-12-31,yahoo,False,0,,,0,reject,,no data from this source
SWY,Safeway Inc.,1999-01-31,2014-12-31,fmp_full,False,0,,,0,reject,,no data from this source
TE,TECO Energy Inc,2001-10-31,2016-05-31,yahoo,True,76,2020-01-01,2026-04-01,0,reject,,data present but outside membership window (likely recycled ticker)
TE,TECO Energy Inc,2001-10-31,2016-05-31,fmp_full,True,1584,2020-01-13,2026-05-01,0,reject,,data present but outside membership window (likely recycled ticker)
RDC,Rowan Companies plc,1999-01-31,2014-07-31,yahoo,False,0,,,0,reject,,no data from this source
RDC,Rowan Companies plc,1999-01-31,2014-07-31,fmp_full,False,0,,,0,reject,,no data from this source
LLL,L3 Technologies Inc,2004-11-30,2019-05-31,yahoo,False,0,,,0,reject,,no data from this source
LLL,L3 Technologies Inc,2004-11-30,2019-05-31,fmp_full,True,249,2021-10-13,2022-10-07,0,reject,,data present but outside membership window (likely recycled ticker)
BEAM,Beam Suntory Inc,1999-01-31,2014-03-31,yahoo,True,75,2020-02-01,2026-04-01,0,reject,,data present but outside membership window (likely recycled ticker)
BEAM,Beam Suntory Inc,1999-01-31,2014-03-31,fmp_full,True,1567,2020-02-06,2026-05-01,0,reject,,data present but outside membership window (likely recycled ticker)
FOXA,Fox Corporation (Class A),2004-12-31,2026-04-30,yahoo,True,86,2019-03-01,2026-04-01,86,recover,high,
FOXA,Fox Corporation (Class A),2004-12-31,2026-04-30,fmp_full,True,1806,2019-02-26,2026-05-01,1805,recover,high,
PCL,Plum Creek Timber Company,2002-01-31,2016-01-31,yahoo,True,9,2025-08-01,2026-04-01,0,reject,,data present but outside membership window (likely recycled ticker)
PCL,Plum Creek Timber Company,2002-01-31,2016-01-31,fmp_full,False,0,,,0,reject,,no data from this source
MOLX,Molex Inc.,1999-11-30,2013-11-30,yahoo,True,169,1999-12-01,2013-12-01,168,recover,high,
MOLX,Molex Inc.,1999-11-30,2013-11-30,fmp_full,False,0,,,0,reject,,no data from this source
FDO,Family Dollar Stores Inc,2001-08-31,2015-06-30,yahoo,False,0,,,0,reject,,no data from this source
FDO,Family Dollar Stores Inc,2001-08-31,2015-06-30,fmp_full,False,0,,,0,reject,,no data from this source
DELL,Dell Technologies,1999-01-31,2026-04-30,yahoo,True,117,2016-08-01,2026-04-01,117,recover,high,
DELL,Dell Technologies,1999-01-31,2026-04-30,fmp_full,True,2440,2016-08-17,2026-05-01,2439,recover,high,
BMC,BMC Software Inc,1999-01-31,2013-08-31,yahoo,False,0,,,0,reject,,no data from this source
BMC,BMC Software Inc,1999-01-31,2013-08-31,fmp_full,False,0,,,0,reject,,no data from this source
FRX,Forest Laboratories Inc,2000-11-30,2014-05-31,yahoo,False,0,,,0,reject,,no data from this source
FRX,Forest Laboratories Inc,2000-11-30,2014-05-31,fmp_full,False,0,,,0,reject,,no data from this source
S,Sprint Corp,1999-01-31,2013-06-30,yahoo,True,59,2021-06-01,2026-04-01,0,reject,,data present but outside membership window (likely recycled ticker)
S,Sprint Corp,1999-01-31,2013-06-30,fmp_full,True,1215,2021-06-30,2026-05-01,0,reject,,data present but outside membership window (likely recycled ticker)
HNZ,H. J. Heinz Company,1999-01-31,2013-05-31,yahoo,False,0,,,0,reject,,no data from this source
HNZ,H. J. Heinz Company,1999-01-31,2013-05-31,fmp_full,False,0,,,0,reject,,no data from this source
RAI,Reynolds American Inc.,2002-09-30,2017-06-30,yahoo,False,0,,,0,reject,,no data from this source
RAI,Reynolds American Inc.,2002-09-30,2017-06-30,fmp_full,True,3268,2004-08-02,2017-07-24,3253,recover,high,
NBL,Noble Energy Inc,2007-10-31,2020-09-30,yahoo,False,0,,,0,reject,,no data from this source
NBL,Noble Energy Inc,2007-10-31,2020-09-30,fmp_full,True,7,2021-01-19,2021-01-27,0,reject,,data present but outside membership window (likely recycled ticker)
NE,Noble Corp plc,2001-01-31,2015-06-30,yahoo,True,59,2021-06-01,2026-04-01,0,reject,,data present but outside membership window (likely recycled ticker)
NE,Noble Corp plc,2001-01-31,2015-06-30,fmp_full,True,1230,2021-06-09,2026-05-01,0,reject,,data present but outside membership window (likely recycled ticker)
SUN,Sunoco Inc,1999-01-31,2012-09-30,yahoo,True,164,2012-09-01,2026-04-01,1,reject,,data present but outside membership window (likely recycled ticker)
SUN,Sunoco Inc,1999-01-31,2012-09-30,fmp_full,True,3422,2012-09-20,2026-05-01,7,recover,medium,
GR,Goodrich Corp.,1999-01-31,2012-06-30,yahoo,True,206,2001-01-01,2018-02-01,138,recover,high,
GR,Goodrich Corp.,1999-01-31,2012-06-30,fmp_full,False,0,,,0,reject,,no data from this source
PGN,Progress Energy Inc.,1999-01-31,2012-05-31,yahoo,False,0,,,0,reject,,no data from this source
PGN,Progress Energy Inc.,1999-01-31,2012-05-31,fmp_full,False,0,,,0,reject,,no data from this source
HSH,Hillshire Brands Co,1999-01-31,2012-05-31,yahoo,False,0,,,0,reject,,no data from this source
HSH,Hillshire Brands Co,1999-01-31,2012-05-31,fmp_full,False,0,,,0,reject,,no data from this source
CEG,Constellation Energy Corp,1999-01-31,2026-04-30,yahoo,True,52,2022-01-01,2026-04-01,52,recover,high,
CEG,Constellation Energy Corp,1999-01-31,2026-04-30,fmp_full,True,1075,2022-01-19,2026-05-01,1074,recover,high,
NVLS,Novellus Systems Inc,2000-06-30,2012-05-31,yahoo,False,0,,,0,reject,,no data from this source
NVLS,Novellus Systems Inc,2000-06-30,2012-05-31,fmp_full,False,0,,,0,reject,,no data from this source
CHK,Chesapeake Energy Corp,2006-03-31,2018-02-28,yahoo,False,0,,,0,reject,,no data from this source
CHK,Chesapeake Energy Corp,2006-03-31,2018-02-28,fmp_full,True,936,2021-02-10,2024-10-29,0,reject,,data present but outside membership window (likely recycled ticker)
TLAB,Tellabs Inc.,1999-01-31,2011-11-30,yahoo,True,169,1999-12-01,2013-12-01,144,recover,high,
TLAB,Tellabs Inc.,1999-01-31,2011-11-30,fmp_full,False,0,,,0,reject,,no data from this source
WYND,Wyndham Destinations Inc,2006-07-31,2018-04-30,yahoo,False,0,,,0,reject,,no data from this source
WYND,Wyndham Destinations Inc,2006-07-31,2018-04-30,fmp_full,True,682,2018-06-01,2021-02-16,0,reject,,data present but outside membership window (likely recycled ticker)
NSM,National Semiconductor,1999-01-31,2011-08-31,yahoo,False,0,,,0,reject,,no data from this source
NSM,National Semiconductor,1999-01-31,2011-08-31,fmp_full,True,1609,2012-03-09,2018-07-31,0,reject,,data present but outside membership window (likely recycled ticker)
HSP,Hospira Inc.,2004-04-30,2015-08-31,yahoo,False,0,,,0,reject,,no data from this source
HSP,Hospira Inc.,2004-04-30,2015-08-31,fmp_full,False,0,,,0,reject,,no data from this source
RSH,RadioShack Corp.,1999-01-31,2011-05-31,yahoo,True,102,2007-12-01,2017-10-01,31,recover,high,
RSH,RadioShack Corp.,1999-01-31,2011-05-31,fmp_full,False,0,,,0,reject,,no data from this source
NOVL,Novell Inc,1999-01-31,2011-03-31,yahoo,False,0,,,0,reject,,no data from this source
NOVL,Novell Inc,1999-01-31,2011-03-31,fmp_full,False,0,,,0,reject,,no data from this source
HAR,Harman Int'l Industries Inc,2006-01-31,2017-02-28,yahoo,False,0,,,0,reject,,no data from this source
HAR,Harman Int'l Industries Inc,2006-01-31,2017-02-28,fmp_full,False,0,,,0,reject,,no data from this source
KODK,Eastman Kodak Co.,1999-01-31,2010-11-30,yahoo,True,152,2013-09-01,2026-04-01,0,reject,,data present but outside membership window (likely recycled ticker)
KODK,Eastman Kodak Co.,1999-01-31,2010-11-30,fmp_full,True,3171,2013-09-23,2026-05-01,0,reject,,data present but outside membership window (likely recycled ticker)
PTV,Pactiv Corp,1999-11-30,2010-10-31,yahoo,True,78,2010-12-01,2017-05-01,0,reject,,data present but outside membership window (likely recycled ticker)
PTV,Pactiv Corp,1999-11-30,2010-10-31,fmp_full,False,0,,,0,reject,,no data from this source
CBE,Cooper Industries plc,1999-01-31,2012-10-31,yahoo,True,218,1999-12-01,2018-01-01,155,recover,high,
CBE,Cooper Industries plc,1999-01-31,2012-10-31,fmp_full,False,0,,,0,reject,,no data from this source
Q,Qnity Electronics Inc,2000-07-31,2026-04-30,yahoo,True,7,2025-10-01,2026-04-01,7,recover,medium,
Q,Qnity Electronics Inc,2000-07-31,2026-04-30,fmp_full,True,129,2025-10-27,2026-05-01,128,recover,high,
MIL,Millipore Corp,1999-01-31,2010-06-30,yahoo,False,0,,,0,reject,,no data from this source
MIL,Millipore Corp,1999-01-31,2010-06-30,fmp_full,False,0,,,0,reject,,no data from this source
MWW,Monster Worldwide Inc.,2001-06-30,2011-11-30,yahoo,False,0,,,0,reject,,no data from this source
MWW,Monster Worldwide Inc.,2001-06-30,2011-11-30,fmp_full,False,0,,,0,reject,,no data from this source
AYE,Allegheny Energy Inc.,2000-12-31,2011-01-31,yahoo,False,0,,,0,reject,,no data from this source
AYE,Allegheny Energy Inc.,2000-12-31,2011-01-31,fmp_full,False,0,,,0,reject,,no data from this source
SE,Spectra Energy Corp.,2006-12-31,2017-01-31,yahoo,True,103,2017-10-01,2026-04-01,0,reject,,data present but outside membership window (likely recycled ticker)
SE,Spectra Energy Corp.,2006-12-31,2017-01-31,fmp_full,True,2143,2017-10-20,2026-05-01,0,reject,,data present but outside membership window (likely recycled ticker)
BDK,Black & Decker Manufacturing,1999-01-31,2010-02-28,yahoo,False,0,,,0,reject,,no data from this source
BDK,Black & Decker Manufacturing,1999-01-31,2010-02-28,fmp_full,False,0,,,0,reject,,no data from this source
KG,King Pharmaceuticals Inc.,2000-10-31,2010-11-30,yahoo,True,216,2008-05-01,2026-04-01,31,recover,high,
KG,King Pharmaceuticals Inc.,2000-10-31,2010-11-30,fmp_full,True,245,2025-05-12,2026-05-01,0,reject,,data present but outside membership window (likely recycled ticker)
SNDK,Sandisk Corporation,2006-04-30,2026-04-30,yahoo,True,15,2025-02-01,2026-04-01,15,recover,medium,
SNDK,Sandisk Corporation,2006-04-30,2026-04-30,fmp_full,True,305,2025-02-13,2026-05-01,304,recover,high,
IMS,IMS Health Holdings Inc,1999-01-31,2010-01-31,yahoo,False,0,,,0,reject,,no data from this source
IMS,IMS Health Holdings Inc,1999-01-31,2010-01-31,fmp_full,True,629,2014-04-04,2016-09-30,0,reject,,data present but outside membership window (likely recycled ticker)
RHT,Red Hat Inc.,2009-07-31,2019-06-30,yahoo,False,0,,,0,reject,,no data from this source
RHT,Red Hat Inc.,2009-07-31,2019-06-30,fmp_full,False,0,,,0,reject,,no data from this source
SCG,SCANA Corp.,2008-12-31,2018-11-30,yahoo,False,0,,,0,reject,,no data from this source
SCG,SCANA Corp.,2008-12-31,2018-11-30,fmp_full,False,0,,,0,reject,,no data from this source
JAVA,Sun Microsystems,1999-01-31,2009-12-31,yahoo,True,55,2021-10-01,2026-04-01,0,reject,,data present but outside membership window (likely recycled ticker)
JAVA,Sun Microsystems,1999-01-31,2009-12-31,fmp_full,True,1148,2021-10-05,2026-05-01,0,reject,,data present but outside membership window (likely recycled ticker)
SGP,,1999-01-31,2009-10-31,yahoo,True,3,2026-02-01,2026-04-01,0,reject,,data present but outside membership window (likely recycled ticker)
SGP,,1999-01-31,2009-10-31,fmp_full,True,59,2026-02-06,2026-05-01,0,reject,,data present but outside membership window (likely recycled ticker)
WYE,Wyeth Corp.,1999-01-31,2009-09-30,yahoo,False,0,,,0,reject,,no data from this source
WYE,Wyeth Corp.,1999-01-31,2009-09-30,fmp_full,False,0,,,0,reject,,no data from this source
SNI,Scripps Networks Interactive Inc,2008-06-30,2018-02-28,yahoo,False,0,,,0,reject,,no data from this source
SNI,Scripps Networks Interactive Inc,2008-06-30,2018-02-28,fmp_full,False,0,,,0,reject,,no data from this source
DPS,Dr Pepper Snapple Group Inc,2008-10-31,2018-05-31,yahoo,False,0,,,0,reject,,no data from this source
DPS,Dr Pepper Snapple Group Inc,2008-10-31,2018-05-31,fmp_full,False,0,,,0,reject,,no data from this source
MI,Marshall & Ilsley Corp,2002-02-28,2011-06-30,yahoo,True,126,2015-11-01,2026-04-01,0,reject,,data present but outside membership window (likely recycled ticker)
MI,Marshall & Ilsley Corp,2002-02-28,2011-06-30,fmp_full,True,2622,2015-11-25,2026-05-01,0,reject,,data present but outside membership window (likely recycled ticker)
GM,General Motors Co,1999-01-31,2026-04-30,yahoo,True,186,2010-11-01,2026-04-01,186,recover,high,
GM,General Motors Co,1999-01-31,2026-04-30,fmp_full,True,3885,2010-11-18,2026-05-01,3884,recover,high,
ROH,Rohm & Hass Co,1999-01-31,2009-03-31,yahoo,False,0,,,0,reject,,no data from this source
ROH,Rohm & Hass Co,1999-01-31,2009-03-31,fmp_full,False,0,,,0,reject,,no data from this source
DYN,Dynegy Inc.,2000-10-31,2009-11-30,yahoo,True,68,2020-09-01,2026-04-01,0,reject,,data present but outside membership window (likely recycled ticker)
DYN,Dynegy Inc.,2000-10-31,2009-11-30,fmp_full,True,1412,2020-09-17,2026-05-01,0,reject,,data present but outside membership window (likely recycled ticker)
DNB,Dun & Bradstreet Corp,1999-01-31,2017-03-31,yahoo,False,0,,,0,reject,,no data from this source
DNB,Dun & Bradstreet Corp,1999-01-31,2017-03-31,fmp_full,True,1294,2020-07-01,2025-08-25,0,reject,,data present but outside membership window (likely recycled ticker)
UST,UST Inc.,1999-01-31,2008-12-31,yahoo,True,195,2010-02-01,2026-04-01,0,reject,,data present but outside membership window (likely recycled ticker)
UST,UST Inc.,1999-01-31,2008-12-31,fmp_full,True,4094,2010-01-22,2026-05-01,0,reject,,data present but outside membership window (likely recycled ticker)
NCC,National City Corp.,1999-01-31,2008-11-30,yahoo,True,119,2012-05-01,2022-03-01,0,reject,,data present but outside membership window (likely recycled ticker)
NCC,National City Corp.,1999-01-31,2008-11-30,fmp_full,False,0,,,0,reject,,no data from this source
KATE,Kate Spade & Co,1999-01-31,2008-11-30,yahoo,False,0,,,0,reject,,no data from this source
KATE,Kate Spade & Co,1999-01-31,2008-11-30,fmp_full,True,850,2014-02-26,2017-07-11,0,reject,,data present but outside membership window (likely recycled ticker)
AW,Allied Waste Industries Inc.,1999-07-31,2008-11-30,yahoo,False,0,,,0,reject,,no data from this source
AW,Allied Waste Industries Inc.,1999-07-31,2008-11-30,fmp_full,False,0,,,0,reject,,no data from this source
WB,Wachovia Corp.,1999-01-31,2008-11-30,yahoo,True,145,2014-04-01,2026-04-01,0,reject,,data present but outside membership window (likely recycled ticker)
WB,Wachovia Corp.,1999-01-31,2008-11-30,fmp_full,True,3028,2014-04-17,2026-05-01,0,reject,,data present but outside membership window (likely recycled ticker)
MER,Merrill Lynch & Co,1999-01-31,2008-11-30,yahoo,True,9,2025-05-01,2026-01-01,0,reject,,data present but outside membership window (likely recycled ticker)
MER,Merrill Lynch & Co,1999-01-31,2008-11-30,fmp_full,True,231,2018-08-28,2025-08-04,0,reject,,data present but outside membership window (likely recycled ticker)
HPC,Hercules Inc.,1999-01-31,2008-10-31,yahoo,True,59,2007-07-01,2017-03-01,3,reject,,data present but outside membership window (likely recycled ticker)
HPC,Hercules Inc.,1999-01-31,2008-10-31,fmp_full,False,0,,,0,reject,,no data from this source
ABI,Applied Biosystems Inc.,1999-01-31,2008-10-31,yahoo,True,11,2025-06-01,2026-04-01,0,reject,,data present but outside membership window (likely recycled ticker)
ABI,Applied Biosystems Inc.,1999-01-31,2008-10-31,fmp_full,True,214,2025-06-26,2026-05-01,0,reject,,data present but outside membership window (likely recycled ticker)
BUD,,1999-01-31,2008-10-31,yahoo,True,202,2009-07-01,2026-04-01,0,reject,,data present but outside membership window (likely recycled ticker)
BUD,,1999-01-31,2008-10-31,fmp_full,True,4235,2009-07-01,2026-05-01,0,reject,,data present but outside membership window (likely recycled ticker)
HCBK,Hudson City Bancorp Inc,2007-02-28,2015-10-31,yahoo,False,0,,,0,reject,,no data from this source
HCBK,Hudson City Bancorp Inc,2007-02-28,2015-10-31,fmp_full,False,0,,,0,reject,,no data from this source
WIN,Windstream Holdings Inc,2006-07-31,2015-03-31,yahoo,False,0,,,0,reject,,no data from this source
WIN,Windstream Holdings Inc,2006-07-31,2015-03-31,fmp_full,False,0,,,0,reject,,no data from this source
PBG,Pepsi Bottling Group Inc.,2001-05-31,2010-01-31,yahoo,True,166,2004-08-01,2020-01-01,66,recover,high,
PBG,Pepsi Bottling Group Inc.,2001-05-31,2010-01-31,fmp_full,False,0,,,0,reject,,no data from this source
WWY,Wrigley Co.,1999-01-31,2008-09-30,yahoo,False,0,,,0,reject,,no data from this source
WWY,Wrigley Co.,1999-01-31,2008-09-30,fmp_full,False,0,,,0,reject,,no data from this source
MHS,Medco Health Solution Inc,2003-08-31,2012-03-31,yahoo,True,46,2020-02-01,2023-11-01,0,reject,,data present but outside membership window (likely recycled ticker)
MHS,Medco Health Solution Inc,2003-08-31,2012-03-31,fmp_full,False,0,,,0,reject,,no data from this source
LEHMQ,Lehman Brothers Holding,1999-01-31,2008-08-31,yahoo,False,0,,,0,reject,,no data from this source
LEHMQ,Lehman Brothers Holding,1999-01-31,2008-08-31,fmp_full,False,0,,,0,reject,,no data from this source
PCP,Precision Castparts Corp,2007-05-31,2015-12-31,yahoo,False,0,,,0,reject,,no data from this source
PCP,Precision Castparts Corp,2007-05-31,2015-12-31,fmp_full,True,194,2018-08-28,2019-06-07,0,reject,,data present but outside membership window (likely recycled ticker)
SAF,Safeco Corp.,1999-01-31,2008-08-31,yahoo,True,37,2018-08-01,2021-08-01,0,reject,,data present but outside membership window (likely recycled ticker)
SAF,Safeco Corp.,1999-01-31,2008-08-31,fmp_full,True,756,2018-08-29,2021-08-30,0,reject,,data present but outside membership window (likely recycled ticker)
COOP,Mr. Cooper Group Inc,1999-01-31,2008-08-31,yahoo,False,0,,,0,reject,,no data from this source
COOP,Mr. Cooper Group Inc,1999-01-31,2008-08-31,fmp_full,True,3399,2012-03-28,2025-10-02,0,reject,,data present but outside membership window (likely recycled ticker)
EDS,Electronic Data Systems Corp,1999-01-31,2008-07-31,yahoo,False,0,,,0,reject,,no data from this source
EDS,Electronic Data Systems Corp,1999-01-31,2008-07-31,fmp_full,False,0,,,0,reject,,no data from this source
FTR,Frontier Comm's Corp,1999-01-31,2017-02-28,yahoo,False,0,,,0,reject,,no data from this source
FTR,Frontier Comm's Corp,1999-01-31,2017-02-28,fmp_full,True,2953,2008-07-31,2020-04-23,2160,recover,high,
IHRT,iHeartMedia Inc,1999-01-31,2008-06-30,yahoo,True,82,2019-07-01,2026-04-01,0,reject,,data present but outside membership window (likely recycled ticker)
IHRT,iHeartMedia Inc,1999-01-31,2008-06-30,fmp_full,True,1751,2019-05-07,2026-05-01,0,reject,,data present but outside membership window (likely recycled ticker)
CFC,Countrywide Financial Corp.,1999-01-31,2008-05-31,yahoo,True,228,2000-01-01,2019-11-01,91,recover,high,
CFC,Countrywide Financial Corp.,1999-01-31,2008-05-31,fmp_full,False,0,,,0,reject,,no data from this source
BSC,Bear Stearns Co,1999-01-31,2008-05-31,yahoo,False,0,,,0,reject,,no data from this source
BSC,Bear Stearns Co,1999-01-31,2008-05-31,fmp_full,False,0,,,0,reject,,no data from this source
OMX,OfficeMax Inc,1999-01-31,2008-05-31,yahoo,False,0,,,0,reject,,no data from this source
OMX,OfficeMax Inc,1999-01-31,2008-05-31,fmp_full,False,0,,,0,reject,,no data from this source
TEG,Integrys Energy Group,2007-02-28,2015-05-31,yahoo,False,0,,,0,reject,,no data from this source
TEG,Integrys Energy Group,2007-02-28,2015-05-31,fmp_full,False,0,,,0,reject,,no data from this source
POM,Pepco Holdings Inc.,2007-11-30,2016-02-29,yahoo,True,7,2025-10-01,2026-04-01,0,reject,,data present but outside membership window (likely recycled ticker)
POM,Pepco Holdings Inc.,2007-11-30,2016-02-29,fmp_full,True,142,2025-10-08,2026-05-01,0,reject,,data present but outside membership window (likely recycled ticker)
CC,Circuit City Stores Inc.,1999-01-31,2008-02-29,yahoo,True,131,2015-06-01,2026-04-01,0,reject,,data present but outside membership window (likely recycled ticker)
CC,Circuit City Stores Inc.,1999-01-31,2008-02-29,fmp_full,True,2733,2015-06-19,2026-05-01,0,reject,,data present but outside membership window (likely recycled ticker)
CZR,Caesars Entertainment,1999-01-31,2025-08-31,yahoo,True,140,2014-09-01,2026-04-01,132,recover,high,
CZR,Caesars Entertainment,1999-01-31,2025-08-31,fmp_full,True,2922,2014-09-18,2026-05-01,2754,recover,high,
BJS,BJ Services Co.,2002-05-31,2010-03-31,yahoo,False,0,,,0,reject,,no data from this source
BJS,BJ Services Co.,2002-05-31,2010-03-31,fmp_full,False,0,,,0,reject,,no data from this source
TIN,,1999-01-31,2007-11-30,yahoo,False,0,,,0,reject,,no data from this source
TIN,,1999-01-31,2007-11-30,fmp_full,False,0,,,0,reject,,no data from this source
DJ,Dow Jones & Co. Inc.,1999-01-31,2007-11-30,yahoo,False,0,,,0,reject,,no data from this source
DJ,Dow Jones & Co. Inc.,1999-01-31,2007-11-30,fmp_full,False,0,,,0,reject,,no data from this source
TRCO,Tribune Media Co,1999-01-31,2007-11-30,yahoo,False,0,,,0,reject,,no data from this source
TRCO,Tribune Media Co,1999-01-31,2007-11-30,fmp_full,True,1204,2014-12-05,2019-09-18,0,reject,,data present but outside membership window (likely recycled ticker)
TEK,Tektronix Inc.,1999-01-31,2007-10-31,yahoo,True,19,2024-10-01,2026-04-01,0,reject,,data present but outside membership window (likely recycled ticker)
TEK,Tektronix Inc.,1999-01-31,2007-10-31,fmp_full,True,382,2024-10-22,2026-05-01,0,reject,,data present but outside membership window (likely recycled ticker)
BTU,Peabody Energy Corp,2006-11-30,2014-08-31,yahoo,True,109,2017-04-01,2026-04-01,0,reject,,data present but outside membership window (likely recycled ticker)
BTU,Peabody Energy Corp,2006-11-30,2014-08-31,fmp_full,True,2283,2017-04-03,2026-05-01,0,reject,,data present but outside membership window (likely recycled ticker)
BOL,Bausch & Lomb Inc.,1999-01-31,2007-09-30,yahoo,True,219,1999-12-01,2018-05-01,94,recover,high,
BOL,Bausch & Lomb Inc.,1999-01-31,2007-09-30,fmp_full,True,3,2018-05-16,2018-05-18,0,reject,,data present but outside membership window (likely recycled ticker)
SLR,Solectron Corp.,1999-01-31,2007-09-30,yahoo,False,0,,,0,reject,,no data from this source
SLR,Solectron Corp.,1999-01-31,2007-09-30,fmp_full,False,0,,,0,reject,,no data from this source
CVH,Coventry Corp,2005-08-31,2013-04-30,yahoo,False,0,,,0,reject,,no data from this source
CVH,Coventry Corp,2005-08-31,2013-04-30,fmp_full,False,0,,,0,reject,,no data from this source
TXU,TXU Corp.,1999-01-31,2007-09-30,yahoo,False,0,,,0,reject,,no data from this source
TXU,TXU Corp.,1999-01-31,2007-09-30,fmp_full,False,0,,,0,reject,,no data from this source
HLT,Hilton Worldwide Holdings Inc.,1999-01-31,2026-04-30,yahoo,True,149,2013-12-01,2026-04-01,149,recover,high,
HLT,Hilton Worldwide Holdings Inc.,1999-01-31,2026-04-30,fmp_full,True,3114,2013-12-12,2026-05-01,3113,recover,high,
FDC,First Data Corp.,1999-01-31,2007-08-31,yahoo,False,0,,,0,reject,,no data from this source
FDC,First Data Corp.,1999-01-31,2007-08-31,fmp_full,False,0,,,0,reject,,no data from this source
DO,Diamond Offshore Drilling Inc,2009-02-28,2016-08-31,yahoo,False,0,,,0,reject,,no data from this source
DO,Diamond Offshore Drilling Inc,2009-02-28,2016-08-31,fmp_full,True,609,2022-03-31,2024-09-03,0,reject,,data present but outside membership window (likely recycled ticker)
SHLD,Sears Holdings Corp,2005-03-31,2012-08-31,yahoo,True,32,2023-09-01,2026-04-01,0,reject,,data present but outside membership window (likely recycled ticker)
SHLD,Sears Holdings Corp,2005-03-31,2012-08-31,fmp_full,True,661,2023-09-13,2026-05-01,0,reject,,data present but outside membership window (likely recycled ticker)
DG,Dollar General Corp,1999-01-31,2026-04-30,yahoo,True,198,2009-11-01,2026-04-01,198,recover,high,
DG,Dollar General Corp,1999-01-31,2026-04-30,fmp_full,True,4140,2009-11-13,2026-05-01,4139,recover,high,
AMBC,Ambac Financial Group Inc.,2000-12-31,2008-05-31,yahoo,False,0,,,0,reject,,no data from this source
AMBC,Ambac Financial Group Inc.,2000-12-31,2008-05-31,fmp_full,True,3199,2013-05-01,2026-01-16,0,reject,,data present but outside membership window (likely recycled ticker)
BMET,Biomet Inc.,1999-01-31,2007-06-30,yahoo,False,0,,,0,reject,,no data from this source
BMET,Biomet Inc.,1999-01-31,2007-06-30,fmp_full,False,0,,,0,reject,,no data from this source
MEL,Mellon Financial Corp,1999-01-31,2007-05-31,yahoo,False,0,,,0,reject,,no data from this source
MEL,Mellon Financial Corp,1999-01-31,2007-05-31,fmp_full,False,0,,,0,reject,,no data from this source
ADCT,ADC Telecommunications Inc,1999-07-31,2007-05-31,yahoo,True,72,2020-05-01,2026-04-01,0,reject,,data present but outside membership window (likely recycled ticker)
ADCT,ADC Telecommunications Inc,1999-07-31,2007-05-31,fmp_full,True,1498,2020-05-15,2026-05-01,0,reject,,data present but outside membership window (likely recycled ticker)
WFM,Whole Foods Market Inc,2005-12-31,2017-07-31,yahoo,False,0,,,0,reject,,no data from this source
WFM,Whole Foods Market Inc,2005-12-31,2017-07-31,fmp_full,True,1588,2011-05-06,2017-08-25,1569,recover,high,
JNY,Jones Group,2001-12-31,2009-02-28,yahoo,False,0,,,0,reject,,no data from this source
JNY,Jones Group,2001-12-31,2009-02-28,fmp_full,False,0,,,0,reject,,no data from this source
DF,Dean Foods Co,2006-03-31,2013-04-30,yahoo,False,0,,,0,reject,,no data from this source
DF,Dean Foods Co,2006-03-31,2013-04-30,fmp_full,False,0,,,0,reject,,no data from this source
TWC,Time Warner Cable Inc.,2009-03-31,2016-04-30,yahoo,False,0,,,0,reject,,no data from this source
TWC,Time Warner Cable Inc.,2009-03-31,2016-04-30,fmp_full,False,0,,,0,reject,,no data from this source
PD,Phelps Dodge Corp,1999-01-31,2007-02-28,yahoo,True,85,2019-04-01,2026-04-01,0,reject,,data present but outside membership window (likely recycled ticker)
PD,Phelps Dodge Corp,1999-01-31,2007-02-28,fmp_full,True,1774,2019-04-11,2026-05-01,0,reject,,data present but outside membership window (likely recycled ticker)
PGL,Peoples Energy Corp,1999-01-31,2007-01-31,yahoo,False,0,,,0,reject,,no data from this source
PGL,Peoples Energy Corp,1999-01-31,2007-01-31,fmp_full,False,0,,,0,reject,,no data from this source
AV,Avaya Inc.,2000-09-30,2007-09-30,yahoo,False,0,,,0,reject,,no data from this source
AV,Avaya Inc.,2000-09-30,2007-09-30,fmp_full,False,0,,,0,reject,,no data from this source
CMVT,Comverse Technology Inc,1999-10-31,2007-01-31,yahoo,True,159,1999-12-01,2013-02-01,86,recover,high,
CMVT,Comverse Technology Inc,1999-10-31,2007-01-31,fmp_full,False,0,,,0,reject,,no data from this source
LO,Lorillard Inc.,2008-06-30,2015-05-31,yahoo,False,0,,,0,reject,,no data from this source
LO,Lorillard Inc.,2008-06-30,2015-05-31,fmp_full,False,0,,,0,reject,,no data from this source
KSE,KeySpan Corp,2000-08-31,2007-07-31,yahoo,False,0,,,0,reject,,no data from this source
KSE,KeySpan Corp,2000-08-31,2007-07-31,fmp_full,False,0,,,0,reject,,no data from this source
BLS,BellSouth Corp.,1999-01-31,2006-12-31,yahoo,False,0,,,0,reject,,no data from this source
BLS,BellSouth Corp.,1999-01-31,2006-12-31,fmp_full,False,0,,,0,reject,,no data from this source
CPWR,Compuware Corp,1999-01-31,2011-11-30,yahoo,True,233,2006-12-01,2026-04-01,60,recover,high,
CPWR,Compuware Corp,1999-01-31,2011-11-30,fmp_full,True,4221,2006-12-04,2026-05-01,1258,recover,high,
MEDI,MedImmune Inc.,2000-06-30,2007-04-30,yahoo,True,42,2022-11-01,2026-04-01,0,reject,,data present but outside membership window (likely recycled ticker)
MEDI,MedImmune Inc.,2000-06-30,2007-04-30,fmp_full,True,865,2022-11-17,2026-05-01,0,reject,,data present but outside membership window (likely recycled ticker)
NAV,Navistar Int'l Corp,1999-01-31,2006-11-30,yahoo,False,0,,,0,reject,,no data from this source
NAV,Navistar Int'l Corp,1999-01-31,2006-11-30,fmp_full,True,3274,2008-06-30,2021-06-30,0,reject,,data present but outside membership window (likely recycled ticker)
ASO,AmSouth Bancorp,1999-03-31,2006-10-31,yahoo,True,67,2020-10-01,2026-04-01,0,reject,,data present but outside membership window (likely recycled ticker)
ASO,AmSouth Bancorp,1999-03-31,2006-10-31,fmp_full,True,1401,2020-10-02,2026-05-01,0,reject,,data present but outside membership window (likely recycled ticker)
LU,Lucent Technology,1999-01-31,2006-10-31,yahoo,True,67,2020-10-01,2026-04-01,0,reject,,data present but outside membership window (likely recycled ticker)
LU,Lucent Technology,1999-01-31,2006-10-31,fmp_full,True,1381,2020-10-30,2026-05-01,0,reject,,data present but outside membership window (likely recycled ticker)
ACV,,1999-01-31,2006-10-31,yahoo,True,132,2015-05-01,2026-04-01,0,reject,,data present but outside membership window (likely recycled ticker)
ACV,,1999-01-31,2006-10-31,fmp_full,True,2753,2015-05-21,2026-05-01,0,reject,,data present but outside membership window (likely recycled ticker)
HCA,HCA Holdings Inc,1999-01-31,2026-04-30,yahoo,True,182,2011-03-01,2026-04-01,182,recover,high,
HCA,HCA Holdings Inc,1999-01-31,2026-04-30,fmp_full,True,3809,2011-03-10,2026-05-01,3808,recover,high,
APCC,American Power Conversion Corp,2000-05-31,2007-01-31,yahoo,False,0,,,0,reject,,no data from this source
APCC,American Power Conversion Corp,2000-05-31,2007-01-31,fmp_full,False,0,,,0,reject,,no data from this source
GDW,Golden West Financial,1999-01-31,2006-08-31,yahoo,True,159,2003-03-01,2016-06-01,42,recover,high,
GDW,Golden West Financial,1999-01-31,2006-08-31,fmp_full,False,0,,,0,reject,,no data from this source
ANDW,Andrew Corp.,1999-01-31,2006-08-31,yahoo,False,0,,,0,reject,,no data from this source
ANDW,Andrew Corp.,1999-01-31,2006-08-31,fmp_full,False,0,,,0,reject,,no data from this source
VAL,Valaris plc,2007-01-31,2016-02-29,yahoo,True,60,2021-05-01,2026-04-01,0,reject,,data present but outside membership window (likely recycled ticker)
VAL,Valaris plc,2007-01-31,2016-02-29,fmp_full,True,1256,2021-05-03,2026-05-01,0,reject,,data present but outside membership window (likely recycled ticker)
GTW,Gateway Inc.,1999-01-31,2006-06-30,yahoo,False,0,,,0,reject,,no data from this source
GTW,Gateway Inc.,1999-01-31,2006-06-30,fmp_full,False,0,,,0,reject,,no data from this source
EC,Engelhard Corp.,1999-01-31,2006-05-31,yahoo,True,212,2008-09-01,2026-04-01,0,reject,,data present but outside membership window (likely recycled ticker)
EC,Engelhard Corp.,1999-01-31,2006-05-31,fmp_full,True,4432,2008-09-18,2026-05-01,0,reject,,data present but outside membership window (likely recycled ticker)
ABS,Albertson's Inc.,1999-01-31,2006-05-31,yahoo,False,0,,,0,reject,,no data from this source
ABS,Albertson's Inc.,1999-01-31,2006-05-31,fmp_full,False,0,,,0,reject,,no data from this source
KMI,Kinder Morgan Inc,2000-12-31,2026-04-30,yahoo,True,183,2011-02-01,2026-04-01,183,recover,high,
KMI,Kinder Morgan Inc,2000-12-31,2026-04-30,fmp_full,True,3827,2011-02-11,2026-05-01,3826,recover,high,
KRI,,1999-01-31,2006-05-31,yahoo,True,155,2006-08-01,2019-06-01,0,reject,,data present but outside membership window (likely recycled ticker)
KRI,,1999-01-31,2006-05-31,fmp_full,False,0,,,0,reject,,no data from this source
GDT,Guidant Corp,1999-01-31,2006-03-31,yahoo,True,4,2026-01-01,2026-04-01,0,reject,,data present but outside membership window (likely recycled ticker)
GDT,Guidant Corp,1999-01-31,2006-03-31,fmp_full,True,70,2026-01-22,2026-05-01,0,reject,,data present but outside membership window (likely recycled ticker)
CIN,Cinergy Corp.,1999-01-31,2006-02-28,yahoo,True,218,1999-12-01,2018-01-01,75,recover,high,
CIN,Cinergy Corp.,1999-01-31,2006-02-28,fmp_full,False,0,,,0,reject,,no data from this source
DAN,Dana Inc,1999-01-31,2006-02-28,yahoo,True,220,2008-01-01,2026-04-01,0,reject,,data present but outside membership window (likely recycled ticker)
DAN,Dana Inc,1999-01-31,2006-02-28,fmp_full,True,4612,2008-01-02,2026-05-01,0,reject,,data present but outside membership window (likely recycled ticker)
JP,,1999-01-31,2006-02-28,yahoo,False,0,,,0,reject,,no data from this source
JP,,1999-01-31,2006-02-28,fmp_full,True,1719,2015-07-16,2022-06-24,0,reject,,data present but outside membership window (likely recycled ticker)
BR,Broadridge Financial Solutions Inc,1999-01-31,2026-04-30,yahoo,True,230,2007-03-01,2026-04-01,230,recover,high,
BR,Broadridge Financial Solutions Inc,1999-01-31,2026-04-30,fmp_full,True,4809,2007-03-22,2026-05-01,4808,recover,high,
MYG,Maytag Corp.,1999-01-31,2006-02-28,yahoo,False,0,,,0,reject,,no data from this source
MYG,Maytag Corp.,1999-01-31,2006-02-28,fmp_full,False,0,,,0,reject,,no data from this source
UVN,Univision Comm Inc,2001-02-28,2007-02-28,yahoo,True,218,1999-12-01,2018-01-01,73,recover,high,
UVN,Univision Comm Inc,2001-02-28,2007-02-28,fmp_full,False,0,,,0,reject,,no data from this source
GGP,GGP Inc,2007-06-30,2018-07-31,yahoo,False,0,,,0,reject,,no data from this source
GGP,GGP Inc,2007-06-30,2018-07-31,fmp_full,False,0,,,0,reject,,no data from this source
GENZ,Genzyme Corp.,2001-12-31,2011-03-31,yahoo,True,220,2008-01-01,2026-04-01,39,recover,high,
GENZ,Genzyme Corp.,2001-12-31,2011-03-31,fmp_full,True,4597,2008-01-24,2026-05-01,804,recover,high,
NYX,NYSE Euronext Inc,2007-10-31,2013-10-31,yahoo,False,0,,,0,reject,,no data from this source
NYX,NYSE Euronext Inc,2007-10-31,2013-10-31,fmp_full,False,0,,,0,reject,,no data from this source
SBL,Symbol Technologies Inc,2000-12-31,2006-12-31,yahoo,False,0,,,0,reject,,no data from this source
SBL,Symbol Technologies Inc,2000-12-31,2006-12-31,fmp_full,False,0,,,0,reject,,no data from this source
SFA,,1999-01-31,2006-01-31,yahoo,False,0,,,0,reject,,no data from this source
SFA,,1999-01-31,2006-01-31,fmp_full,False,0,,,0,reject,,no data from this source
VIAB,Viacom Inc.,2005-12-31,2019-11-30,yahoo,False,0,,,0,reject,,no data from this source
VIAB,Viacom Inc.,2005-12-31,2019-11-30,fmp_full,True,2015,2011-12-01,2019-12-04,2012,recover,high,
RBK,Reebok Int'l Ltd,1999-01-31,2005-12-31,yahoo,False,0,,,0,reject,,no data from this source
RBK,Reebok Int'l Ltd,1999-01-31,2005-12-31,fmp_full,False,0,,,0,reject,,no data from this source
COV,Covidien Plc,2007-06-30,2014-12-31,yahoo,False,0,,,0,reject,,no data from this source
COV,Covidien Plc,2007-06-30,2014-12-31,fmp_full,False,0,,,0,reject,,no data from this source
DNR,Denbury Resources Inc.,2009-04-30,2015-02-28,yahoo,False,0,,,0,reject,,no data from this source
DNR,Denbury Resources Inc.,2009-04-30,2015-02-28,fmp_full,True,34,2020-08-04,2020-09-23,0,reject,,data present but outside membership window (likely recycled ticker)
KRB,MBNA Corp.,1999-01-31,2005-11-30,yahoo,False,0,,,0,reject,,no data from this source
KRB,MBNA Corp.,1999-01-31,2005-11-30,fmp_full,False,0,,,0,reject,,no data from this source
GP,,1999-01-31,2005-11-30,yahoo,True,69,2020-08-01,2026-04-01,0,reject,,data present but outside membership window (likely recycled ticker)
GP,,1999-01-31,2005-11-30,fmp_full,True,2741,2015-02-10,2026-05-01,0,reject,,data present but outside membership window (likely recycled ticker)
PSKY,Paramount Skydance Corp,1999-01-31,2026-04-30,yahoo,True,245,2005-12-01,2026-04-01,245,recover,high,
PSKY,Paramount Skydance Corp,1999-01-31,2026-04-30,fmp_full,True,5000,2006-06-16,2026-05-01,4999,recover,high,
ACS,Affiliated Computer Services,2004-04-30,2010-01-31,yahoo,False,0,,,0,reject,,no data from this source
ACS,Affiliated Computer Services,2004-04-30,2010-01-31,fmp_full,True,2,2018-02-20,2018-02-23,0,reject,,data present but outside membership window (likely recycled ticker)
DPH,Delphi Corp.,1999-05-31,2005-09-30,yahoo,False,0,,,0,reject,,no data from this source
DPH,Delphi Corp.,1999-05-31,2005-09-30,fmp_full,False,0,,,0,reject,,no data from this source
G,Gillette Co.,1999-01-31,2005-08-31,yahoo,True,225,2007-08-01,2026-04-01,0,reject,,data present but outside membership window (likely recycled ticker)
G,Gillette Co.,1999-01-31,2005-08-31,fmp_full,True,4717,2007-08-02,2026-05-01,0,reject,,data present but outside membership window (likely recycled ticker)
PVN,Providian Financial Corp,1999-01-31,2005-08-31,yahoo,True,1,2018-10-01,2018-10-01,0,reject,,data present but outside membership window (likely recycled ticker)
PVN,Providian Financial Corp,1999-01-31,2005-08-31,fmp_full,False,0,,,0,reject,,no data from this source
SEBL,Siebel Systems Inc.,2000-05-31,2005-12-31,yahoo,False,0,,,0,reject,,no data from this source
SEBL,Siebel Systems Inc.,2000-05-31,2005-12-31,fmp_full,False,0,,,0,reject,,no data from this source
UCL,Unocal Co,1999-01-31,2005-07-31,yahoo,True,71,2020-06-01,2026-04-01,0,reject,,data present but outside membership window (likely recycled ticker)
UCL,Unocal Co,1999-01-31,2005-07-31,fmp_full,True,1481,2020-06-10,2026-05-01,0,reject,,data present but outside membership window (likely recycled ticker)
DAL,Delta Air Lines Inc,1999-01-31,2026-04-30,yahoo,True,228,2007-05-01,2026-04-01,228,recover,high,
DAL,Delta Air Lines Inc,1999-01-31,2026-04-30,fmp_full,True,4785,2007-04-26,2026-05-01,4784,recover,high,
CFN,CareFusion Corp,2009-08-31,2015-02-28,yahoo,False,0,,,0,reject,,no data from this source
CFN,CareFusion Corp,2009-08-31,2015-02-28,fmp_full,False,0,,,0,reject,,no data from this source
NXTL,Nextel Communications Inc,1999-01-31,2005-07-31,yahoo,False,0,,,0,reject,,no data from this source
NXTL,Nextel Communications Inc,1999-01-31,2005-07-31,fmp_full,False,0,,,0,reject,,no data from this source
MERQ,Mercury Interactive Corp,2000-06-30,2005-12-31,yahoo,False,0,,,0,reject,,no data from this source
MERQ,Mercury Interactive Corp,2000-06-30,2005-12-31,fmp_full,False,0,,,0,reject,,no data from this source
MAY,May Dept Stores,1999-01-31,2005-07-31,yahoo,True,140,2005-09-01,2018-03-01,0,reject,,data present but outside membership window (likely recycled ticker)
MAY,May Dept Stores,1999-01-31,2005-07-31,fmp_full,False,0,,,0,reject,,no data from this source
RMG,Cablevision Systems Corp.,2010-12-31,2016-05-31,yahoo,False,0,,,0,reject,,no data from this source
RMG,Cablevision Systems Corp.,2010-12-31,2016-05-31,fmp_full,True,819,2008-01-25,2020-12-29,0,reject,,data present but outside membership window (likely recycled ticker)
GLK,Great Lakes Chemical Corp,1999-01-31,2005-06-30,yahoo,True,157,2004-01-01,2019-01-01,18,recover,medium,
GLK,Great Lakes Chemical Corp,1999-01-31,2005-06-30,fmp_full,False,0,,,0,reject,,no data from this source
TOY,"Toys ""R"" Us, Inc.",1999-01-31,2005-06-30,yahoo,False,0,,,0,reject,,no data from this source
TOY,"Toys ""R"" Us, Inc.",1999-01-31,2005-06-30,fmp_full,False,0,,,0,reject,,no data from this source
VC,Visteon Corp.,2000-06-30,2005-11-30,yahoo,True,187,2010-10-01,2026-04-01,0,reject,,data present but outside membership window (likely recycled ticker)
VC,Visteon Corp.,2000-06-30,2005-11-30,fmp_full,True,3923,2010-09-27,2026-05-01,0,reject,,data present but outside membership window (likely recycled ticker)
XTO,XTO Energy Inc.,2004-12-31,2010-05-31,yahoo,False,0,,,0,reject,,no data from this source
XTO,XTO Energy Inc.,2004-12-31,2010-05-31,fmp_full,False,0,,,0,reject,,no data from this source
CHIR,Chiron Corp.,2000-11-30,2006-03-31,yahoo,True,64,2018-12-01,2024-03-01,0,reject,,data present but outside membership window (likely recycled ticker)
CHIR,Chiron Corp.,2000-11-30,2006-03-31,fmp_full,True,1317,2018-12-11,2025-06-11,0,reject,,data present but outside membership window (likely recycled ticker)
HMA,Health Management Associates Inc,2001-11-30,2007-02-28,yahoo,False,0,,,0,reject,,no data from this source
HMA,Health Management Associates Inc,2001-11-30,2007-02-28,fmp_full,True,342,2022-03-15,2023-07-25,0,reject,,data present but outside membership window (likely recycled ticker)
VRTS,Veritas Software Corp,2000-03-31,2005-06-30,yahoo,True,208,2009-01-01,2026-04-01,0,reject,,data present but outside membership window (likely recycled ticker)
VRTS,Veritas Software Corp,2000-03-31,2005-06-30,fmp_full,True,4359,2009-01-02,2026-05-01,0,reject,,data present but outside membership window (likely recycled ticker)
EOP,Equity Office Properties Trust,2001-10-31,2007-01-31,yahoo,False,0,,,0,reject,,no data from this source
EOP,Equity Office Properties Trust,2001-10-31,2007-01-31,fmp_full,False,0,,,0,reject,,no data from this source
TIE,Titanium Metal Corp,2007-10-31,2012-11-30,yahoo,True,235,1999-12-01,2019-07-01,62,recover,high,
TIE,Titanium Metal Corp,2007-10-31,2012-11-30,fmp_full,False,0,,,0,reject,,no data from this source
LIFE,Life Technologies Corp,2008-11-30,2013-12-31,yahoo,True,4,2026-01-01,2026-04-01,0,reject,,data present but outside membership window (likely recycled ticker)
LIFE,Life Technologies Corp,2008-11-30,2013-12-31,fmp_full,True,65,2026-01-29,2026-05-01,0,reject,,data present but outside membership window (likely recycled ticker)
CPN,Calpine Corp.,2000-11-30,2005-11-30,yahoo,False,0,,,0,reject,,no data from this source
CPN,Calpine Corp.,2000-11-30,2005-11-30,fmp_full,True,2553,2008-01-17,2018-03-08,0,reject,,data present but outside membership window (likely recycled ticker)
PSFT,People Soft Inc,1999-01-31,2004-11-30,yahoo,False,0,,,0,reject,,no data from this source
PSFT,People Soft Inc,1999-01-31,2004-11-30,fmp_full,True,3704,2008-04-10,2023-05-23,0,reject,,data present but outside membership window (likely recycled ticker)
WLP,Wellpoint Health Networks Inc,1999-06-30,2004-10-31,yahoo,False,0,,,0,reject,,no data from this source
WLP,Wellpoint Health Networks Inc,1999-06-30,2004-10-31,fmp_full,False,0,,,0,reject,,no data from this source
SOTR,SouthTrust Corp,1999-02-28,2004-09-30,yahoo,False,0,,,0,reject,,no data from this source
SOTR,SouthTrust Corp,1999-02-28,2004-09-30,fmp_full,False,0,,,0,reject,,no data from this source
INFO,IHS Markit Ltd,2017-06-30,2022-01-31,yahoo,True,19,2024-10-01,2026-04-01,0,reject,,data present but outside membership window (likely recycled ticker)
INFO,IHS Markit Ltd,2017-06-30,2022-01-31,fmp_full,True,390,2024-10-10,2026-05-01,0,reject,,data present but outside membership window (likely recycled ticker)
TNB,Thomas & Betts Corp,1999-01-31,2004-07-31,yahoo,True,179,2007-05-01,2022-03-01,0,reject,,data present but outside membership window (likely recycled ticker)
TNB,Thomas & Betts Corp,1999-01-31,2004-07-31,fmp_full,False,0,,,0,reject,,no data from this source
SUNEQ,SunEdison Inc,2007-05-31,2011-11-30,yahoo,False,0,,,0,reject,,no data from this source
SUNEQ,SunEdison Inc,2007-05-31,2011-11-30,fmp_full,False,0,,,0,reject,,no data from this source
UPC,Union Planters Corp.,1999-01-31,2004-05-31,yahoo,True,62,2021-03-01,2026-04-01,0,reject,,data present but outside membership window (likely recycled ticker)
UPC,Union Planters Corp.,1999-01-31,2004-05-31,fmp_full,True,1284,2021-03-23,2026-05-01,0,reject,,data present but outside membership window (likely recycled ticker)
ONE,Bank One Corp.,1999-01-31,2004-05-31,yahoo,False,0,,,0,reject,,no data from this source
ONE,Bank One Corp.,1999-01-31,2004-05-31,fmp_full,True,971,2018-03-28,2022-04-29,0,reject,,data present but outside membership window (likely recycled ticker)
PWER,,2000-10-31,2005-02-28,yahoo,True,30,2023-11-01,2026-04-01,0,reject,,data present but outside membership window (likely recycled ticker)
PWER,,2000-10-31,2005-02-28,fmp_full,True,607,2023-11-29,2026-05-01,0,reject,,data present but outside membership window (likely recycled ticker)
NFB,North Fork BanCorp,2002-07-31,2006-10-31,yahoo,False,0,,,0,reject,,no data from this source
NFB,North Fork BanCorp,2002-07-31,2006-10-31,fmp_full,False,0,,,0,reject,,no data from this source
AM,American Greetings Corp,1999-01-31,2004-03-31,yahoo,True,108,2017-05-01,2026-04-01,0,reject,,data present but outside membership window (likely recycled ticker)
AM,American Greetings Corp,1999-01-31,2004-03-31,fmp_full,True,2262,2017-05-03,2026-05-01,0,reject,,data present but outside membership window (likely recycled ticker)
PCS,Sprint PCS Group,1999-01-31,2004-03-31,yahoo,True,9,2025-08-01,2026-04-01,0,reject,,data present but outside membership window (likely recycled ticker)
PCS,Sprint PCS Group,1999-01-31,2004-03-31,fmp_full,False,0,,,0,reject,,no data from this source
FBF,FleetBoston Financial Group Inc,1999-01-31,2004-02-29,yahoo,False,0,,,0,reject,,no data from this source
FBF,FleetBoston Financial Group Inc,1999-01-31,2004-02-29,fmp_full,False,0,,,0,reject,,no data from this source
CF,CF Industries Holdings Inc.,2000-06-30,2026-04-30,yahoo,True,249,2005-08-01,2026-04-01,249,recover,high,
CF,CF Industries Holdings Inc.,2000-06-30,2026-04-30,fmp_full,True,5000,2006-06-16,2026-05-01,4999,recover,high,
RRD,RR Donnelley & Sons Co,1999-01-31,2012-11-30,yahoo,False,0,,,0,reject,,no data from this source
RRD,RR Donnelley & Sons Co,1999-01-31,2012-11-30,fmp_full,True,4531,2004-03-01,2022-02-25,2206,recover,high,
MEE,Massey Energy Co.,1999-01-31,2011-05-31,yahoo,True,118,2007-08-01,2017-08-01,43,recover,high,
MEE,Massey Energy Co.,1999-01-31,2011-05-31,fmp_full,False,0,,,0,reject,,no data from this source
AGN,Allergan plc,1999-04-30,2020-04-30,yahoo,False,0,,,0,reject,,no data from this source
AGN,Allergan plc,1999-04-30,2020-04-30,fmp_full,True,4133,2003-09-10,2020-05-08,4127,recover,high,
BGEN,Biogen NV,2000-01-31,2003-10-31,yahoo,False,0,,,0,reject,,no data from this source
BGEN,Biogen NV,2000-01-31,2003-10-31,fmp_full,False,0,,,0,reject,,no data from this source
XLNX,Xilinx Inc,1999-11-30,2022-01-31,yahoo,False,0,,,0,reject,,no data from this source
XLNX,Xilinx Inc,1999-11-30,2022-01-31,fmp_full,True,4640,2003-09-10,2022-02-11,4631,recover,high,
AT,Alltel Corp,1999-01-31,2007-10-31,yahoo,False,0,,,0,reject,,no data from this source
AT,Alltel Corp,1999-01-31,2007-10-31,fmp_full,True,3778,2003-09-10,2021-05-14,1044,recover,high,
AVP,Avon Products Inc,1999-01-31,2015-02-28,yahoo,False,0,,,0,reject,,no data from this source
AVP,Avon Products Inc,1999-01-31,2015-02-28,fmp_full,True,4108,2003-09-10,2020-01-03,2887,recover,high,
CSC,Computer Sciences Corp.,1999-01-31,2015-10-31,yahoo,False,0,,,0,reject,,no data from this source
CSC,Computer Sciences Corp.,1999-01-31,2015-10-31,fmp_full,True,4526,2003-09-10,2021-09-10,3058,recover,high,
CTXS,Citrix Systems Inc,1999-11-30,2022-08-31,yahoo,False,0,,,0,reject,,no data from this source
CTXS,Citrix Systems Inc,1999-11-30,2022-08-31,fmp_full,True,4798,2003-09-10,2022-09-29,4778,recover,high,
CTX,Centex Corp.,1999-01-31,2009-07-31,yahoo,False,0,,,0,reject,,no data from this source
CTX,Centex Corp.,1999-01-31,2009-07-31,fmp_full,True,3240,2003-09-10,2020-04-29,1484,recover,high,
CTB,Cooper Tire & Rubber Co.,1999-01-31,2006-06-30,yahoo,False,0,,,0,reject,,no data from this source
CTB,Cooper Tire & Rubber Co.,1999-01-31,2006-06-30,fmp_full,True,4465,2003-09-10,2021-06-04,708,recover,high,
SPLS,Staples Inc.,1999-01-31,2017-08-31,yahoo,True,4,2026-01-01,2026-04-01,0,reject,,data present but outside membership window (likely recycled ticker)
SPLS,Staples Inc.,1999-01-31,2017-08-31,fmp_full,True,3551,2003-09-10,2026-05-01,3520,recover,high,
CCE,,1999-01-31,2016-04-30,yahoo,False,0,,,0,reject,,no data from this source
CCE,,1999-01-31,2016-04-30,fmp_full,True,3956,2003-09-10,2020-04-29,3182,recover,high,
STJ,St. Jude Medical Inc,1999-01-31,2016-12-31,yahoo,False,0,,,0,reject,,no data from this source
STJ,St. Jude Medical Inc,1999-01-31,2016-12-31,fmp_full,True,3354,2003-09-10,2017-01-04,3352,recover,high,
BNI,Burlington Northern Santa Fe Corp,1999-01-31,2010-01-31,yahoo,False,0,,,0,reject,,no data from this source
BNI,Burlington Northern Santa Fe Corp,1999-01-31,2010-01-31,fmp_full,True,1619,2003-09-10,2010-02-12,1609,recover,high,
QTRN,Quintiles Transnational Corp,1999-11-30,2003-08-31,yahoo,False,0,,,0,reject,,no data from this source
QTRN,Quintiles Transnational Corp,1999-11-30,2003-08-31,fmp_full,False,0,,,0,reject,,no data from this source
JCP,J.C. Penney Co Inc,1999-01-31,2013-10-31,yahoo,False,0,,,0,reject,,no data from this source
JCP,J.C. Penney Co Inc,1999-01-31,2013-10-31,fmp_full,True,4201,2003-09-10,2020-05-18,2555,recover,high,
RTN,Raytheon Co.,1999-01-31,2020-03-31,yahoo,False,0,,,0,reject,,no data from this source
RTN,Raytheon Co.,1999-01-31,2020-03-31,fmp_full,True,4170,2003-09-10,2020-04-02,4168,recover,high,
HCR,Manor Care Inc.,1999-01-31,2007-10-31,yahoo,False,0,,,0,reject,,no data from this source
HCR,Manor Care Inc.,1999-01-31,2007-10-31,fmp_full,True,1360,2003-09-10,2020-07-10,1044,recover,high,
LXK,Lexmark International Inc,1999-08-31,2012-08-31,yahoo,False,0,,,0,reject,,no data from this source
LXK,Lexmark International Inc,1999-08-31,2012-08-31,fmp_full,True,3329,2003-09-10,2016-11-28,2263,recover,high,
MDP,Meredith Corp.,1999-01-31,2010-12-31,yahoo,False,0,,,0,reject,,no data from this source
MDP,Meredith Corp.,1999-01-31,2010-12-31,fmp_full,True,4590,2003-09-10,2021-12-01,1842,recover,high,
AMCC,Applied Micro Circuits Corp.,1999-01-31,2006-04-30,yahoo,False,0,,,0,reject,,no data from this source
AMCC,Applied Micro Circuits Corp.,1999-01-31,2006-04-30,fmp_full,True,3349,2003-09-10,2017-01-26,664,recover,high,
ADT,ADT Corp.,2012-09-30,2016-04-30,yahoo,True,100,2018-01-01,2026-04-01,0,reject,,data present but outside membership window (likely recycled ticker)
ADT,ADT Corp.,2012-09-30,2016-04-30,fmp_full,True,2082,2018-01-19,2026-05-01,0,reject,,data present but outside membership window (likely recycled ticker)
WFT,Weatherford Int'l plc,2005-07-31,2009-01-31,yahoo,False,0,,,0,reject,,no data from this source
WFT,Weatherford Int'l plc,2005-07-31,2009-01-31,fmp_full,False,0,,,0,reject,,no data from this source
STR,Questar Corp.,2006-11-30,2010-05-31,yahoo,False,0,,,0,reject,,no data from this source
STR,Questar Corp.,2006-11-30,2010-05-31,fmp_full,True,1996,2017-09-08,2025-08-18,0,reject,,data present but outside membership window (likely recycled ticker)
MDR,McDermott Int'l Inc,1999-01-31,2003-07-31,yahoo,False,0,,,0,reject,,no data from this source
MDR,McDermott Int'l Inc,1999-01-31,2003-07-31,fmp_full,True,2,2020-01-28,2020-01-29,0,reject,,data present but outside membership window (likely recycled ticker)
LLTC,Linear Technology Corp.,2000-03-31,2017-02-28,yahoo,False,0,,,0,reject,,no data from this source
LLTC,Linear Technology Corp.,2000-03-31,2017-02-28,fmp_full,True,3399,2003-09-10,2017-03-10,3391,recover,high,
TSG,Sabre Holdings Corp,2000-03-31,2007-02-28,yahoo,False,0,,,0,reject,,no data from this source
TSG,Sabre Holdings Corp,2000-03-31,2007-02-28,fmp_full,True,1589,2003-09-10,2020-05-04,873,recover,high,
SII,Smith Int'l Inc,2006-09-30,2010-07-31,yahoo,True,195,2010-02-01,2026-04-01,6,recover,medium,
SII,Smith Int'l Inc,2006-09-30,2010-07-31,fmp_full,True,4074,2010-02-22,2026-05-01,112,recover,high,
MXIM,Maxim Integrated Products Inc,2000-05-31,2021-07-31,yahoo,False,0,,,0,reject,,no data from this source
MXIM,Maxim Integrated Products Inc,2000-05-31,2021-07-31,fmp_full,True,4265,2003-09-10,2021-08-25,4247,recover,high,
PHA,Pharmacia Corp.,1999-01-31,2003-03-31,yahoo,False,0,,,0,reject,,no data from this source
PHA,Pharmacia Corp.,1999-01-31,2003-03-31,fmp_full,False,0,,,0,reject,,no data from this source
TIF,Tiffany & Co,2000-06-30,2020-12-31,yahoo,False,0,,,0,reject,,no data from this source
TIF,Tiffany & Co,2000-06-30,2020-12-31,fmp_full,True,4362,2003-09-10,2021-01-06,4359,recover,high,
BRCM,Broadcom Corp.,2000-06-30,2015-12-31,yahoo,False,0,,,0,reject,,no data from this source
BRCM,Broadcom Corp.,2000-06-30,2015-12-31,fmp_full,True,3119,2003-09-10,2016-01-29,3100,recover,high,
AWE,AT&T Wireless,2001-07-31,2004-09-30,yahoo,False,0,,,0,reject,,no data from this source
AWE,AT&T Wireless,2001-07-31,2004-09-30,fmp_full,False,0,,,0,reject,,no data from this source
JNS,Janus Capital Group,2000-07-31,2011-10-31,yahoo,False,0,,,0,reject,,no data from this source
JNS,Janus Capital Group,2000-07-31,2011-10-31,fmp_full,True,3453,2003-09-10,2017-05-26,2052,recover,high,
HI,Household International Inc,1999-01-31,2003-02-28,yahoo,False,0,,,0,reject,,no data from this source
HI,Household International Inc,1999-01-31,2003-02-28,fmp_full,True,4502,2008-03-20,2026-02-10,0,reject,,data present but outside membership window (likely recycled ticker)
AMR,AMR Corp.,1999-01-31,2003-02-28,yahoo,True,63,2021-02-01,2026-04-01,0,reject,,data present but outside membership window (likely recycled ticker)
AMR,AMR Corp.,1999-01-31,2003-02-28,fmp_full,True,2412,2016-08-18,2026-05-01,0,reject,,data present but outside membership window (likely recycled ticker)
EQ,Embarq Corporation,2006-05-31,2009-05-31,yahoo,True,91,2018-10-01,2026-04-01,0,reject,,data present but outside membership window (likely recycled ticker)
EQ,Embarq Corporation,2006-05-31,2009-05-31,fmp_full,True,1897,2018-10-12,2026-05-01,0,reject,,data present but outside membership window (likely recycled ticker)
SDS,Sungard Data Systems Inc,2002-07-31,2005-07-31,yahoo,True,238,2006-07-01,2026-04-01,0,reject,,data present but outside membership window (likely recycled ticker)
SDS,Sungard Data Systems Inc,2002-07-31,2005-07-31,fmp_full,True,4982,2006-07-13,2026-05-01,0,reject,,data present but outside membership window (likely recycled ticker)
CMCSK,Comcast Class A Spec.,1999-01-31,2015-11-30,yahoo,False,0,,,0,reject,,no data from this source
CMCSK,Comcast Class A Spec.,1999-01-31,2015-11-30,fmp_full,False,0,,,0,reject,,no data from this source
CMX,Caremark Rx,2004-03-31,2007-02-28,yahoo,True,137,2010-11-01,2022-03-01,0,reject,,data present but outside membership window (likely recycled ticker)
CMX,Caremark Rx,2004-03-31,2007-02-28,fmp_full,False,0,,,0,reject,,no data from this source
TRW,TRW Inc.,1999-01-31,2002-11-30,yahoo,False,0,,,0,reject,,no data from this source
TRW,TRW Inc.,1999-01-31,2002-11-30,fmp_full,False,0,,,0,reject,,no data from this source
MNK,Mallinckrodt plc,2014-08-31,2017-06-30,yahoo,False,0,,,0,reject,,no data from this source
MNK,Mallinckrodt plc,2014-08-31,2017-06-30,fmp_full,True,223,2022-10-28,2023-09-19,0,reject,,data present but outside membership window (likely recycled ticker)
CE,Celanese,2001-03-31,2025-02-28,yahoo,True,256,2005-01-01,2026-04-01,242,recover,high,
CE,Celanese,2001-03-31,2025-02-28,fmp_full,True,5000,2006-06-16,2026-05-01,4706,recover,high,
CEPH,Cephalon Inc.,2008-11-30,2011-09-30,yahoo,False,0,,,0,reject,,no data from this source
CEPH,Cephalon Inc.,2008-11-30,2011-09-30,fmp_full,False,0,,,0,reject,,no data from this source
HOT,Starwood Hotels & Resorts Worldwide Inc,2000-11-30,2016-08-31,yahoo,False,0,,,0,reject,,no data from this source
HOT,Starwood Hotels & Resorts Worldwide Inc,2000-11-30,2016-08-31,fmp_full,True,3405,2003-09-10,2017-03-20,3268,recover,high,
BRL,Barr Pharmaceuticals Inc.,2006-02-28,2008-11-30,yahoo,False,0,,,0,reject,,no data from this source
BRL,Barr Pharmaceuticals Inc.,2006-02-28,2008-11-30,fmp_full,False,0,,,0,reject,,no data from this source
ASN,,2004-12-31,2007-09-30,yahoo,False,0,,,0,reject,,no data from this source
ASN,,2004-12-31,2007-09-30,fmp_full,False,0,,,0,reject,,no data from this source
JHF,John Hancock Financial Services Inc,2001-06-30,2004-03-31,yahoo,False,0,,,0,reject,,no data from this source
JHF,John Hancock Financial Services Inc,2001-06-30,2004-03-31,fmp_full,False,0,,,0,reject,,no data from this source
CBSS,Compass Bancshares Inc,2004-12-31,2007-08-31,yahoo,False,0,,,0,reject,,no data from this source
CBSS,Compass Bancshares Inc,2004-12-31,2007-08-31,fmp_full,False,0,,,0,reject,,no data from this source
ETFC,E*TRADE Financial Corp,2004-03-31,2020-09-30,yahoo,False,0,,,0,reject,,no data from this source
ETFC,E*TRADE Financial Corp,2004-03-31,2020-09-30,fmp_full,True,3445,2006-12-27,2020-10-01,3444,recover,high,
QLGC,QLogic Corp.,2000-12-31,2010-12-31,yahoo,False,0,,,0,reject,,no data from this source
QLGC,QLogic Corp.,2000-12-31,2010-12-31,fmp_full,True,3256,2003-09-10,2016-08-15,1842,recover,high,
KHC,Kraft Heinz Co,2012-10-31,2026-04-30,yahoo,True,130,2015-07-01,2026-04-01,130,recover,high,
KHC,Kraft Heinz Co,2012-10-31,2026-04-30,fmp_full,True,2723,2015-07-06,2026-05-01,2722,recover,high,
COC-B,Conoco Inc.,1999-08-31,2002-07-31,yahoo,False,0,,,0,reject,,no data from this source
COC-B,Conoco Inc.,1999-08-31,2002-07-31,fmp_full,False,0,,,0,reject,,no data from this source
AL,Alcan Inc.,1999-01-31,2002-06-30,yahoo,True,181,2011-04-01,2026-04-01,0,reject,,data present but outside membership window (likely recycled ticker)
AL,Alcan Inc.,1999-01-31,2002-06-30,fmp_full,True,3764,2011-04-19,2026-04-08,0,reject,,data present but outside membership window (likely recycled ticker)
NT,Nortel Networks,1999-01-31,2002-06-30,yahoo,False,0,,,0,reject,,no data from this source
NT,Nortel Networks,1999-01-31,2002-06-30,fmp_full,False,0,,,0,reject,,no data from this source
UN,Unilever N.V.,1999-01-31,2002-06-30,yahoo,False,0,,,0,reject,,no data from this source
UN,Unilever N.V.,1999-01-31,2002-06-30,fmp_full,True,4336,2003-09-10,2020-11-27,0,reject,,data present but outside membership window (likely recycled ticker)
ABX,Barrick Gold Corp.,1999-01-31,2002-06-30,yahoo,True,68,2020-09-01,2026-04-01,0,reject,,data present but outside membership window (likely recycled ticker)
ABX,Barrick Gold Corp.,1999-01-31,2002-06-30,fmp_full,True,1415,2020-09-14,2026-05-01,0,reject,,data present but outside membership window (likely recycled ticker)
CNO,CNO Financial Group,1999-01-31,2002-06-30,yahoo,True,272,2003-09-01,2026-04-01,0,reject,,data present but outside membership window (likely recycled ticker)
CNO,CNO Financial Group,1999-01-31,2002-06-30,fmp_full,True,5000,2006-06-16,2026-05-01,0,reject,,data present but outside membership window (likely recycled ticker)
RD,Royal Dutch Petroleum,1999-01-31,2002-06-30,yahoo,False,0,,,0,reject,,no data from this source
RD,Royal Dutch Petroleum,1999-01-31,2002-06-30,fmp_full,False,0,,,0,reject,,no data from this source
N,Inco Ltd.,1999-01-31,2002-06-30,yahoo,False,0,,,0,reject,,no data from this source
N,Inco Ltd.,1999-01-31,2002-06-30,fmp_full,True,3028,2003-09-10,2016-11-04,0,reject,,data present but outside membership window (likely recycled ticker)
PDG,Placer Dome Inc.,1999-01-31,2002-06-30,yahoo,True,11,2014-07-01,2016-07-01,0,reject,,data present but outside membership window (likely recycled ticker)
PDG,Placer Dome Inc.,1999-01-31,2002-06-30,fmp_full,False,0,,,0,reject,,no data from this source
PETM,PetSmart Inc,2012-10-31,2015-02-28,yahoo,False,0,,,0,reject,,no data from this source
PETM,PetSmart Inc,2012-10-31,2015-02-28,fmp_full,False,0,,,0,reject,,no data from this source
CNXT,Conexant Systems,2000-01-31,2002-05-31,yahoo,True,142,2014-07-01,2026-04-01,0,reject,,data present but outside membership window (likely recycled ticker)
CNXT,Conexant Systems,2000-01-31,2002-05-31,fmp_full,True,2961,2014-07-24,2026-05-01,0,reject,,data present but outside membership window (likely recycled ticker)
U,US Airways Group,1999-01-31,2002-04-30,yahoo,True,68,2020-09-01,2026-04-01,0,reject,,data present but outside membership window (likely recycled ticker)
U,US Airways Group,1999-01-31,2002-04-30,fmp_full,True,1411,2020-09-18,2026-05-01,0,reject,,data present but outside membership window (likely recycled ticker)
WCOM,WorldCom Inc,1999-01-31,2002-04-30,yahoo,False,0,,,0,reject,,no data from this source
WCOM,WorldCom Inc,1999-01-31,2002-04-30,fmp_full,False,0,,,0,reject,,no data from this source
CPQ,Compaq Computer Corp,1999-01-31,2002-04-30,yahoo,True,114,2004-10-01,2014-03-01,0,reject,,data present but outside membership window (likely recycled ticker)
CPQ,Compaq Computer Corp,1999-01-31,2002-04-30,fmp_full,False,0,,,0,reject,,no data from this source
COL,Rockwell Collins Inc,2001-06-30,2018-10-31,yahoo,False,0,,,0,reject,,no data from this source
COL,Rockwell Collins Inc,2001-06-30,2018-10-31,fmp_full,True,3831,2003-09-10,2018-11-26,3814,recover,high,
FSH,Fisher Scientific Int'l,2004-08-31,2006-10-31,yahoo,True,103,2007-11-01,2017-05-01,0,reject,,data present but outside membership window (likely recycled ticker)
FSH,Fisher Scientific Int'l,2004-08-31,2006-10-31,fmp_full,False,0,,,0,reject,,no data from this source
MFE,McAfee Inc.,2008-12-31,2011-01-31,yahoo,False,0,,,0,reject,,no data from this source
MFE,McAfee Inc.,2008-12-31,2011-01-31,fmp_full,False,0,,,0,reject,,no data from this source
NLSN,Nielsen Holdings plc,2013-07-31,2022-09-30,yahoo,False,0,,,0,reject,,no data from this source
NLSN,Nielsen Holdings plc,2013-07-31,2022-09-30,fmp_full,True,1792,2015-08-31,2022-10-11,1785,recover,high,
PMCS,,2001-08-31,2007-05-31,yahoo,False,0,,,0,reject,,no data from this source
PMCS,,2001-08-31,2007-05-31,fmp_full,True,3109,2003-09-10,2016-01-14,937,recover,high,
PALM,Palm Inc.,2000-07-31,2002-07-31,yahoo,False,0,,,0,reject,,no data from this source
PALM,Palm Inc.,2000-07-31,2002-07-31,fmp_full,False,0,,,0,reject,,no data from this source
WLL,Willamette Industries Inc,1999-01-31,2002-01-31,yahoo,False,0,,,0,reject,,no data from this source
WLL,Willamette Industries Inc,1999-01-31,2002-01-31,fmp_full,True,4684,2003-11-20,2022-06-30,0,reject,,data present but outside membership window (likely recycled ticker)
KM,Kmart Corp,1999-01-31,2001-12-31,yahoo,True,11,2014-07-01,2015-05-01,0,reject,,data present but outside membership window (likely recycled ticker)
KM,Kmart Corp,1999-01-31,2001-12-31,fmp_full,False,0,,,0,reject,,no data from this source
SAPE,Sapient Corp.,2000-05-31,2002-04-30,yahoo,False,0,,,0,reject,,no data from this source
SAPE,Sapient Corp.,2000-05-31,2002-04-30,fmp_full,False,0,,,0,reject,,no data from this source
MEA,Mead Corp.,1999-01-31,2001-12-31,yahoo,False,0,,,0,reject,,no data from this source
MEA,Mead Corp.,1999-01-31,2001-12-31,fmp_full,False,0,,,0,reject,,no data from this source
FSLB,Freescale Semiconductor Inc,2004-12-31,2006-11-30,yahoo,False,0,,,0,reject,,no data from this source
FSLB,Freescale Semiconductor Inc,2004-12-31,2006-11-30,fmp_full,False,0,,,0,reject,,no data from this source
RAL,Ralston Purina Co.,1999-01-31,2001-11-30,yahoo,True,11,2025-06-01,2026-04-01,0,reject,,data present but outside membership window (likely recycled ticker)
RAL,Ralston Purina Co.,1999-01-31,2001-11-30,fmp_full,True,215,2025-06-25,2026-05-01,0,reject,,data present but outside membership window (likely recycled ticker)
HM,Homestake Mining Co,1999-01-31,2001-11-30,yahoo,True,62,2012-12-01,2018-01-01,0,reject,,data present but outside membership window (likely recycled ticker)
HM,Homestake Mining Co,1999-01-31,2001-11-30,fmp_full,False,0,,,0,reject,,no data from this source
ENRNQ,Enron Corp.,1999-01-31,2001-10-31,yahoo,False,0,,,0,reject,,no data from this source
ENRNQ,Enron Corp.,1999-01-31,2001-10-31,fmp_full,False,0,,,0,reject,,no data from this source
GPU,GPU Inc.,1999-01-31,2001-10-31,yahoo,False,0,,,0,reject,,no data from this source
GPU,GPU Inc.,1999-01-31,2001-10-31,fmp_full,False,0,,,0,reject,,no data from this source
NSI,National Service Industries Inc,1999-01-31,2001-10-31,yahoo,True,29,2023-12-01,2026-04-01,0,reject,,data present but outside membership window (likely recycled ticker)
NSI,National Service Industries Inc,1999-01-31,2001-10-31,fmp_full,True,733,2023-05-31,2026-05-01,0,reject,,data present but outside membership window (likely recycled ticker)
TX,Texaco Inc.,1999-01-31,2001-09-30,yahoo,True,243,2006-02-01,2026-04-01,0,reject,,data present but outside membership window (likely recycled ticker)
TX,Texaco Inc.,1999-01-31,2001-09-30,fmp_full,True,5000,2006-06-16,2026-05-01,0,reject,,data present but outside membership window (likely recycled ticker)
GLBC,Global Crossing Ltd,1999-09-30,2001-09-30,yahoo,False,0,,,0,reject,,no data from this source
GLBC,Global Crossing Ltd,1999-09-30,2001-09-30,fmp_full,False,0,,,0,reject,,no data from this source
CBH,Commerce Bancorp (New Jersey),2006-06-30,2008-02-29,yahoo,False,0,,,0,reject,,no data from this source
CBH,Commerce Bancorp (New Jersey),2006-06-30,2008-02-29,fmp_full,True,1806,2017-06-28,2024-08-30,0,reject,,data present but outside membership window (likely recycled ticker)
DWDP,DuPont,2017-09-30,2019-05-31,yahoo,False,0,,,0,reject,,no data from this source
DWDP,DuPont,2017-09-30,2019-05-31,fmp_full,False,0,,,0,reject,,no data from this source
VTSS,Vitesse Semiconductor Corp,2000-12-31,2002-07-31,yahoo,False,0,,,0,reject,,no data from this source
VTSS,Vitesse Semiconductor Corp,2000-12-31,2002-07-31,fmp_full,False,0,,,0,reject,,no data from this source
ACAS,American Capital Ltd,2007-07-31,2009-02-28,yahoo,False,0,,,0,reject,,no data from this source
ACAS,American Capital Ltd,2007-07-31,2009-02-28,fmp_full,False,0,,,0,reject,,no data from this source
TAP-B,Travelers Property Casualty,2002-08-31,2004-03-31,yahoo,False,0,,,0,reject,,no data from this source
TAP-B,Travelers Property Casualty,2002-08-31,2004-03-31,fmp_full,False,0,,,0,reject,,no data from this source
TOS,Tosco Corp.,1999-09-30,2001-08-31,yahoo,True,4,2026-01-01,2026-04-01,0,reject,,data present but outside membership window (likely recycled ticker)
TOS,Tosco Corp.,1999-09-30,2001-08-31,fmp_full,True,66,2026-01-28,2026-05-01,0,reject,,data present but outside membership window (likely recycled ticker)
AGC,American General Insurance Co,1999-01-31,2001-07-31,yahoo,False,0,,,0,reject,,no data from this source
AGC,American General Insurance Co,1999-01-31,2001-07-31,fmp_full,True,253,2020-12-01,2021-12-01,0,reject,,data present but outside membership window (likely recycled ticker)
OAT,Quaker Oats Co,1999-01-31,2001-07-31,yahoo,False,0,,,0,reject,,no data from this source
OAT,Quaker Oats Co,1999-01-31,2001-07-31,fmp_full,False,0,,,0,reject,,no data from this source
ETS,Enterasys Networks Inc.,1999-01-31,2001-07-31,yahoo,True,9,2025-08-01,2026-04-01,0,reject,,data present but outside membership window (likely recycled ticker)
ETS,Enterasys Networks Inc.,1999-01-31,2001-07-31,fmp_full,True,175,2025-08-21,2026-05-01,0,reject,,data present but outside membership window (likely recycled ticker)
H,Harcourt General Inc.,1999-01-31,2001-05-31,yahoo,True,198,2009-11-01,2026-04-01,0,reject,,data present but outside membership window (likely recycled ticker)
H,Harcourt General Inc.,1999-01-31,2001-05-31,fmp_full,True,4146,2009-11-05,2026-05-01,0,reject,,data present but outside membership window (likely recycled ticker)
LDG,Longs Drug Stores Inc,1999-01-31,2001-05-31,yahoo,True,80,2015-08-01,2022-03-01,0,reject,,data present but outside membership window (likely recycled ticker)
LDG,Longs Drug Stores Inc,1999-01-31,2001-05-31,fmp_full,True,1639,2015-08-12,2022-03-02,0,reject,,data present but outside membership window (likely recycled ticker)
AZA-A,ALZA Corp.,1999-01-31,2001-05-31,yahoo,False,0,,,0,reject,,no data from this source
AZA-A,ALZA Corp.,1999-01-31,2001-05-31,fmp_full,False,0,,,0,reject,,no data from this source
APOL,Apollo Education Group,2002-05-31,2013-05-31,yahoo,False,0,,,0,reject,,no data from this source
APOL,Apollo Education Group,2002-05-31,2013-05-31,fmp_full,True,3373,2003-09-10,2017-02-01,2448,recover,high,
ANR,Alpha Natural Resources Inc,2011-06-30,2012-09-30,yahoo,False,0,,,0,reject,,no data from this source
ANR,Alpha Natural Resources Inc,2011-06-30,2012-09-30,fmp_full,False,0,,,0,reject,,no data from this source
BDX,Becton Dickinson & Co,1999-01-31,2026-04-30,yahoo,True,317,1999-12-01,2026-04-01,317,recover,high,
BDX,Becton Dickinson & Co,1999-01-31,2026-04-30,fmp_full,True,5000,2006-06-16,2026-05-01,4999,recover,high,
SXCL,Steel Excel Inc,1999-09-30,2001-04-30,yahoo,False,0,,,0,reject,,no data from this source
SXCL,Steel Excel Inc,1999-09-30,2001-04-30,fmp_full,False,0,,,0,reject,,no data from this source
MMI,Motorola Mobility,2011-01-31,2012-04-30,yahoo,True,151,2013-10-01,2026-04-01,0,reject,,data present but outside membership window (likely recycled ticker)
MMI,Motorola Mobility,2011-01-31,2012-04-30,fmp_full,True,3143,2013-10-31,2026-05-01,0,reject,,data present but outside membership window (likely recycled ticker)
BGG,Briggs & Stratton Corp,1999-01-31,2001-03-31,yahoo,False,0,,,0,reject,,no data from this source
BGG,Briggs & Stratton Corp,1999-01-31,2001-03-31,fmp_full,True,4243,2003-09-10,2020-07-17,0,reject,,data present but outside membership window (likely recycled ticker)
CEN,Ceridian Corp.,1999-01-31,2001-02-28,yahoo,False,0,,,0,reject,,no data from this source
CEN,Ceridian Corp.,1999-01-31,2001-02-28,fmp_full,True,2534,2013-09-26,2023-10-19,0,reject,,data present but outside membership window (likely recycled ticker)
OK,Old Kent Financial Corp,1999-01-31,2001-02-28,yahoo,True,100,2009-02-01,2019-01-01,0,reject,,data present but outside membership window (likely recycled ticker)
OK,Old Kent Financial Corp,1999-01-31,2001-02-28,fmp_full,False,0,,,0,reject,,no data from this source
UK,Union Carbide Corp Holding Co,1999-01-31,2001-01-31,yahoo,True,78,2019-11-01,2026-04-01,0,reject,,data present but outside membership window (likely recycled ticker)
UK,Union Carbide Corp Holding Co,1999-01-31,2001-01-31,fmp_full,True,1628,2019-11-07,2026-05-01,0,reject,,data present but outside membership window (likely recycled ticker)
SUB,Summit Bancorp,1999-01-31,2001-01-31,yahoo,True,210,2008-11-01,2026-04-01,0,reject,,data present but outside membership window (likely recycled ticker)
SUB,Summit Bancorp,1999-01-31,2001-01-31,fmp_full,True,4396,2008-11-07,2026-05-01,0,reject,,data present but outside membership window (likely recycled ticker)
RATL,Rational Software Corp,2002-01-31,2003-01-31,yahoo,False,0,,,0,reject,,no data from this source
RATL,Rational Software Corp,2002-01-31,2003-01-31,fmp_full,False,0,,,0,reject,,no data from this source
BXLT,Baxalta,2015-06-30,2016-05-31,yahoo,False,0,,,0,reject,,no data from this source
BXLT,Baxalta,2015-06-30,2016-05-31,fmp_full,False,0,,,0,reject,,no data from this source
CGP,Coastal Corp.,1999-01-31,2000-12-31,yahoo,False,0,,,0,reject,,no data from this source
CGP,Coastal Corp.,1999-01-31,2000-12-31,fmp_full,False,0,,,0,reject,,no data from this source
RML,Russell Corp.,1999-01-31,2000-11-30,yahoo,False,0,,,0,reject,,no data from this source
RML,Russell Corp.,1999-01-31,2000-11-30,fmp_full,False,0,,,0,reject,,no data from this source
AFS-A,Associates First Capital Corp,1999-01-31,2000-11-30,yahoo,False,0,,,0,reject,,no data from this source
AFS-A,Associates First Capital Corp,1999-01-31,2000-11-30,fmp_full,False,0,,,0,reject,,no data from this source
BS,Bethlehem Steel Corp,1999-01-31,2000-11-30,yahoo,False,0,,,0,reject,,no data from this source
BS,Bethlehem Steel Corp,1999-01-31,2000-11-30,fmp_full,False,0,,,0,reject,,no data from this source
VO,Seagram Co. Ltd.,1999-01-31,2000-11-30,yahoo,True,268,2004-01-01,2026-04-01,0,reject,,data present but outside membership window (likely recycled ticker)
VO,Seagram Co. Ltd.,1999-01-31,2000-11-30,fmp_full,True,5000,2006-06-16,2026-05-01,0,reject,,data present but outside membership window (likely recycled ticker)
CIT,CIT Group Inc.,2000-07-31,2009-06-30,yahoo,False,0,,,0,reject,,no data from this source
CIT,CIT Group Inc.,2000-07-31,2009-06-30,fmp_full,True,4586,2003-09-10,2022-01-03,1462,recover,high,
SMI,Springs Industries Inc.,1999-01-31,2000-11-30,yahoo,True,46,2021-09-01,2025-06-01,0,reject,,data present but outside membership window (likely recycled ticker)
SMI,Springs Industries Inc.,1999-01-31,2000-11-30,fmp_full,True,4770,2004-03-17,2025-06-26,0,reject,,data present but outside membership window (likely recycled ticker)
NGH,Nabisco Group Holding Corp,1999-01-31,2000-11-30,yahoo,True,136,2004-12-01,2016-08-01,0,reject,,data present but outside membership window (likely recycled ticker)
NGH,Nabisco Group Holding Corp,1999-01-31,2000-11-30,fmp_full,False,0,,,0,reject,,no data from this source
PRD,Polaroid Corp,1999-01-31,2000-11-30,yahoo,False,0,,,0,reject,,no data from this source
PRD,Polaroid Corp,1999-01-31,2000-11-30,fmp_full,False,0,,,0,reject,,no data from this source
GRA,W. R. Grace & Co,1999-01-31,2000-11-30,yahoo,False,0,,,0,reject,,no data from this source
GRA,W. R. Grace & Co,1999-01-31,2000-11-30,fmp_full,True,4540,2003-09-10,2021-09-21,0,reject,,data present but outside membership window (likely recycled ticker)
ACKH,Armstrong Holding Inc,1999-01-31,2000-10-31,yahoo,False,0,,,0,reject,,no data from this source
ACKH,Armstrong Holding Inc,1999-01-31,2000-10-31,fmp_full,False,0,,,0,reject,,no data from this source
FJ,Fort James Corp.,1999-01-31,2000-10-31,yahoo,False,0,,,0,reject,,no data from this source
FJ,Fort James Corp.,1999-01-31,2000-10-31,fmp_full,False,0,,,0,reject,,no data from this source
FPC,Florida Progress Corp,1999-06-30,2000-10-31,yahoo,True,55,2016-05-01,2022-03-01,0,reject,,data present but outside membership window (likely recycled ticker)
FPC,Florida Progress Corp,1999-06-30,2000-10-31,fmp_full,False,0,,,0,reject,,no data from this source
IMNX,Immunex Corp.,2001-09-30,2002-06-30,yahoo,False,0,,,0,reject,,no data from this source
IMNX,Immunex Corp.,2001-09-30,2002-06-30,fmp_full,False,0,,,0,reject,,no data from this source
PWJ,Paine Webber Group Inc,1999-06-30,2000-10-31,yahoo,True,199,2008-01-01,2024-07-01,0,reject,,data present but outside membership window (likely recycled ticker)
PWJ,Paine Webber Group Inc,1999-06-30,2000-10-31,fmp_full,False,0,,,0,reject,,no data from this source
JOY,Joy Global Inc.,2011-02-28,2015-09-30,yahoo,False,0,,,0,reject,,no data from this source
JOY,Joy Global Inc.,2011-02-28,2015-09-30,fmp_full,True,1341,2011-12-06,2017-04-05,960,recover,high,
CG,Columbia Energy Group,1999-01-31,2000-10-31,yahoo,True,168,2012-05-01,2026-04-01,0,reject,,data present but outside membership window (likely recycled ticker)
CG,Columbia Energy Group,1999-01-31,2000-10-31,fmp_full,True,3519,2012-05-03,2026-05-01,0,reject,,data present but outside membership window (likely recycled ticker)
SEG,Seagate Technology,1999-01-31,2000-10-31,yahoo,True,22,2024-07-01,2026-04-01,0,reject,,data present but outside membership window (likely recycled ticker)
SEG,Seagate Technology,1999-01-31,2000-10-31,fmp_full,True,442,2024-07-29,2026-05-01,0,reject,,data present but outside membership window (likely recycled ticker)
EFU,Eastern Enterprises,1999-01-31,2000-10-31,yahoo,True,223,2007-10-01,2026-04-01,0,reject,,data present but outside membership window (likely recycled ticker)
EFU,Eastern Enterprises,1999-01-31,2000-10-31,fmp_full,True,4658,2007-10-25,2026-05-01,0,reject,,data present but outside membership window (likely recycled ticker)
RLGY,Realogy Holdings Corp,2006-07-31,2007-03-31,yahoo,False,0,,,0,reject,,no data from this source
RLGY,Realogy Holdings Corp,2006-07-31,2007-03-31,fmp_full,True,2430,2012-10-11,2022-06-08,0,reject,,data present but outside membership window (likely recycled ticker)
YNR,Young & Rubicam Inc,2000-01-31,2000-09-30,yahoo,False,0,,,0,reject,,no data from this source
YNR,Young & Rubicam Inc,2000-01-31,2000-09-30,fmp_full,False,0,,,0,reject,,no data from this source
BFO,BestFoods,1999-01-31,2000-09-30,yahoo,False,0,,,0,reject,,no data from this source
BFO,BestFoods,1999-01-31,2000-09-30,fmp_full,True,4257,2003-09-26,2020-12-15,0,reject,,data present but outside membership window (likely recycled ticker)
UCM,Unicom Corp Holding Co,1999-01-31,2000-09-30,yahoo,True,139,2007-11-01,2019-12-01,0,reject,,data present but outside membership window (likely recycled ticker)
UCM,Unicom Corp Holding Co,1999-01-31,2000-09-30,fmp_full,False,0,,,0,reject,,no data from this source
BVSN,BroadVision Inc.,2000-11-30,2001-07-31,yahoo,False,0,,,0,reject,,no data from this source
BVSN,BroadVision Inc.,2000-11-30,2001-07-31,fmp_full,True,3455,2003-09-10,2020-05-18,0,reject,,data present but outside membership window (likely recycled ticker)
MKG,Mallinckrodt Inc.,1999-01-31,2000-09-30,yahoo,False,0,,,0,reject,,no data from this source
MKG,Mallinckrodt Inc.,1999-01-31,2000-09-30,fmp_full,False,0,,,0,reject,,no data from this source
OC,Owens Corning,1999-01-31,2000-08-31,yahoo,True,234,2006-11-01,2026-04-01,0,reject,,data present but outside membership window (likely recycled ticker)
OC,Owens Corning,1999-01-31,2000-08-31,fmp_full,True,4921,2006-10-09,2026-05-01,0,reject,,data present but outside membership window (likely recycled ticker)
NCE,New Century Energies Inc,1999-01-31,2000-07-31,yahoo,True,87,2009-01-01,2017-05-01,0,reject,,data present but outside membership window (likely recycled ticker)
NCE,New Century Energies Inc,1999-01-31,2000-07-31,fmp_full,False,0,,,0,reject,,no data from this source
COMS,3Com Corp.,1999-01-31,2000-06-30,yahoo,True,213,2008-08-01,2026-04-01,0,reject,,data present but outside membership window (likely recycled ticker)
COMS,3Com Corp.,1999-01-31,2000-06-30,fmp_full,True,4455,2008-08-15,2026-05-01,0,reject,,data present but outside membership window (likely recycled ticker)
UPR,Union Pacific Resources Group Inc,1999-01-31,2000-06-30,yahoo,False,0,,,0,reject,,no data from this source
UPR,Union Pacific Resources Group Inc,1999-01-31,2000-06-30,fmp_full,False,0,,,0,reject,,no data from this source
KSU,Kansas City Southern,1999-04-30,2021-11-30,yahoo,False,0,,,0,reject,,no data from this source
KSU,Kansas City Southern,1999-04-30,2021-11-30,fmp_full,True,4598,2003-09-10,2021-12-13,4589,recover,high,
USW,US West Inc.,1999-01-31,2000-06-30,yahoo,False,0,,,0,reject,,no data from this source
USW,US West Inc.,1999-01-31,2000-06-30,fmp_full,False,0,,,0,reject,,no data from this source
WLA,Warner Lambert Pharmaceutical Co,1999-01-31,2000-05-31,yahoo,False,0,,,0,reject,,no data from this source
WLA,Warner Lambert Pharmaceutical Co,1999-01-31,2000-05-31,fmp_full,False,0,,,0,reject,,no data from this source
MZ,Milacron Inc.,1999-01-31,2000-05-31,yahoo,False,0,,,0,reject,,no data from this source
MZ,Milacron Inc.,1999-01-31,2000-05-31,fmp_full,False,0,,,0,reject,,no data from this source
IKN,IKON Office Solutions Inc,1999-01-31,2000-05-31,yahoo,False,0,,,0,reject,,no data from this source
IKN,IKON Office Solutions Inc,1999-01-31,2000-05-31,fmp_full,False,0,,,0,reject,,no data from this source
GTE,GTE Corp.,1999-01-31,2000-05-31,yahoo,True,245,2005-12-01,2026-04-01,0,reject,,data present but outside membership window (likely recycled ticker)
GTE,GTE Corp.,1999-01-31,2000-05-31,fmp_full,True,5000,2006-06-16,2026-05-01,0,reject,,data present but outside membership window (likely recycled ticker)
SMS,Shared Medical Systems Corp,1999-01-31,2000-05-31,yahoo,False,0,,,0,reject,,no data from this source
SMS,Shared Medical Systems Corp,1999-01-31,2000-05-31,fmp_full,False,0,,,0,reject,,no data from this source
TMC-A,Times Mirror Co Share,1999-01-31,2000-05-31,yahoo,False,0,,,0,reject,,no data from this source
TMC-A,Times Mirror Co Share,1999-01-31,2000-05-31,fmp_full,False,0,,,0,reject,,no data from this source
UMG,MediaOne Group Inc.,1999-01-31,2000-05-31,yahoo,False,0,,,0,reject,,no data from this source
UMG,MediaOne Group Inc.,1999-01-31,2000-05-31,fmp_full,False,0,,,0,reject,,no data from this source
CHA,Champion International Corp,1999-01-31,2000-05-31,yahoo,True,13,2025-04-01,2026-04-01,0,reject,,data present but outside membership window (likely recycled ticker)
CHA,Champion International Corp,1999-01-31,2000-05-31,fmp_full,True,261,2025-04-17,2026-05-01,0,reject,,data present but outside membership window (likely recycled ticker)
SGI,Silicon Graphics Inc,1999-01-31,2000-05-31,yahoo,True,269,2003-12-01,2026-04-01,0,reject,,data present but outside membership window (likely recycled ticker)
SGI,Silicon Graphics Inc,1999-01-31,2000-05-31,fmp_full,True,5000,2006-06-16,2026-05-01,0,reject,,data present but outside membership window (likely recycled ticker)
JOS,Jostens Inc.,1999-01-31,2000-04-30,yahoo,False,0,,,0,reject,,no data from this source
JOS,Jostens Inc.,1999-01-31,2000-04-30,fmp_full,False,0,,,0,reject,,no data from this source
RLM,Reynolds Metals Co,1999-01-31,2000-04-30,yahoo,False,0,,,0,reject,,no data from this source
RLM,Reynolds Metals Co,1999-01-31,2000-04-30,fmp_full,False,0,,,0,reject,,no data from this source
MIR,Mirage Resorts Inc,1999-01-31,2000-04-30,yahoo,True,69,2020-08-01,2026-04-01,0,reject,,data present but outside membership window (likely recycled ticker)
MIR,Mirage Resorts Inc,1999-01-31,2000-04-30,fmp_full,True,1431,2020-08-20,2026-05-01,0,reject,,data present but outside membership window (likely recycled ticker)
EP,El Paso Corp.,1999-10-31,2012-04-30,yahoo,True,317,1999-12-01,2026-04-01,149,recover,high,
EP,El Paso Corp.,1999-10-31,2012-04-30,fmp_full,True,4748,1995-01-06,2026-05-01,1901,recover,high,
CBS,CBS Corp.,1999-01-31,2000-04-30,yahoo,False,0,,,0,reject,,no data from this source
CBS,CBS Corp.,1999-01-31,2000-04-30,fmp_full,True,3505,2006-01-03,2019-12-04,0,reject,,data present but outside membership window (likely recycled ticker)
ARC,Atlantic Richfield Co,1999-01-31,2000-03-31,yahoo,False,0,,,0,reject,,no data from this source
ARC,Atlantic Richfield Co,1999-01-31,2000-03-31,fmp_full,True,4985,2005-02-03,2024-11-21,0,reject,,data present but outside membership window (likely recycled ticker)
PNU,Pharmacia & Upjohn Inc.,1999-01-31,2000-02-29,yahoo,False,0,,,0,reject,,no data from this source
PNU,Pharmacia & Upjohn Inc.,1999-01-31,2000-02-29,fmp_full,False,0,,,0,reject,,no data from this source
PBY,"Pep Boys: Manny, Moe & Jack",1999-01-31,2000-02-29,yahoo,True,37,2018-06-01,2021-06-01,0,reject,,data present but outside membership window (likely recycled ticker)
PBY,"Pep Boys: Manny, Moe & Jack",1999-01-31,2000-02-29,fmp_full,True,753,2018-06-18,2021-06-14,0,reject,,data present but outside membership window (likely recycled ticker)
WPX,WPX Energy Inc,2011-12-31,2014-02-28,yahoo,False,0,,,0,reject,,no data from this source
WPX,WPX Energy Inc,2011-12-31,2014-02-28,fmp_full,True,2268,2012-01-03,2021-01-06,542,recover,high,
QEP,QEP Resources Inc,2010-06-30,2015-05-31,yahoo,False,0,,,0,reject,,no data from this source
QEP,QEP Resources Inc,2010-06-30,2015-05-31,fmp_full,True,2695,2010-07-01,2021-03-16,1236,recover,high,
TDC,Teradata Corp.,2007-09-30,2017-05-31,yahoo,True,223,2007-10-01,2026-04-01,116,recover,high,
TDC,Teradata Corp.,2007-09-30,2017-05-31,fmp_full,True,4676,2007-10-01,2026-05-01,2434,recover,high,
